,Year built,HOA,Price/sqft,Total Price,Bedrooms,Bathrooms,Full bathrooms,Half bathrooms,Lot,Type_Condo,Type_Mobile / Manufactured,Type_Multi Family,Type_Multiple Occupancy,Type_Single Family,Type_Townhouse,"Cooling_Central, Evaporative","Cooling_Central, Wall",Cooling_Evaporative,Cooling_None,Cooling_Other,Cooling_Wall,City
0,2020.0,696000.0,314.0,696000.0,3.0,3.0,2.0,1,,1,0,0,0,0,0,0,0,0,0,0,0,Austin
1,1972.0,1150000.0,344.0,1150000.0,5.0,5.0,5.0,0,12632.4,0,0,0,0,1,0,0,0,0,0,0,0,Austin
2,2020.0,484900.0,267.0,484900.0,3.0,2.0,2.0,0,8398.0,0,0,0,0,1,0,0,0,0,0,0,0,Austin
3,1971.0,335000.0,157.0,335000.0,3.0,3.0,2.0,1,11325.6,0,0,0,0,1,0,0,0,0,0,0,0,Austin
4,1963.0,660000.0,290.0,660000.0,3.0,2.0,2.0,0,130244.4,0,0,0,0,1,0,0,0,0,0,0,0,Austin
5,1977.0,270000.0,289.0,270000.0,2.0,1.0,1.0,0,,1,0,0,0,0,0,0,0,0,0,0,0,Austin
6,2012.0,465000.0,164.0,465000.0,4.0,4.0,3.0,1,8886.0,0,0,0,0,1,0,0,0,0,0,0,0,Austin
7,1994.0,819000.0,228.0,819000.0,4.0,5.0,3.0,2,48787.2,0,0,0,0,1,0,0,0,0,0,0,0,Austin
8,2004.0,250000.0,190.0,250000.0,3.0,2.0,2.0,0,9365.0,0,0,0,0,1,0,0,0,0,0,0,0,Austin
9,1984.0,325000.0,249.0,325000.0,3.0,2.0,2.0,0,7318.0,0,0,0,0,1,0,0,0,0,0,0,0,Austin
10,2002.0,389000.0,175.0,389000.0,3.0,2.0,2.0,0,8929.0,0,0,0,0,1,0,0,0,0,0,0,0,Austin
11,2013.0,1695000.0,354.0,1695000.0,5.0,5.0,5.0,0,33105.6,0,0,0,0,1,0,0,0,0,0,0,0,Austin
12,2011.0,710000.0,426.0,710000.0,3.0,3.0,2.0,1,,1,0,0,0,0,0,0,0,0,0,0,0,Austin
13,1999.0,549900.0,192.0,549900.0,4.0,3.0,2.0,1,7143.0,0,0,0,0,1,0,0,0,0,0,0,0,Austin
14,1982.0,240000.0,203.0,240000.0,3.0,2.0,2.0,0,9713.0,0,0,0,0,1,0,0,0,0,0,0,0,Austin
15,1940.0,825000.0,494.0,825000.0,3.0,2.0,2.0,0,8015.0,0,0,0,0,1,0,0,0,0,0,0,0,Austin
16,2015.0,649900.0,328.0,649900.0,3.0,3.0,2.0,1,34412.4,0,0,0,0,1,0,0,0,0,0,0,0,Austin
17,1967.0,399900.0,256.0,399900.0,3.0,3.0,2.0,1,,1,0,0,0,0,0,0,0,0,0,0,0,Austin
18,2016.0,530000.0,205.0,530000.0,4.0,3.0,3.0,0,8276.0,0,0,0,0,1,0,0,0,0,0,0,0,Austin
19,2009.0,559000.0,287.0,559000.0,3.0,3.0,3.0,0,,1,0,0,0,0,0,0,0,0,0,0,0,Austin
20,1986.0,394900.0,171.0,394900.0,4.0,3.0,2.0,1,7701.0,0,0,0,0,1,0,0,0,0,0,0,0,Austin
21,2003.0,689000.0,211.0,689000.0,4.0,3.0,3.0,0,8799.0,0,0,0,0,1,0,0,0,0,0,0,0,Austin
22,1997.0,400000.0,228.0,400000.0,3.0,2.0,2.0,0,6969.0,0,0,0,0,1,0,0,0,0,0,0,0,Austin
23,1955.0,699900.0,383.0,699900.0,4.0,2.0,2.0,0,10890.0,0,0,0,0,1,0,0,0,0,0,0,0,Austin
24,1983.0,769500.0,254.0,769500.0,3.0,3.0,2.0,1,10149.0,0,0,0,0,1,0,0,0,0,0,0,0,Austin
25,1983.0,297000.0,181.0,297000.0,3.0,2.0,2.0,0,6926.0,0,0,0,0,1,0,0,0,0,0,0,0,Austin
26,2020.0,326990.0,196.0,326990.0,4.0,2.0,2.0,0,,0,0,0,0,1,0,0,0,0,1,0,0,Austin
27,,376990.0,141.0,376990.0,4.0,3.0,3.0,0,,0,0,0,0,1,0,0,0,0,1,0,0,Austin
28,,372990.0,147.0,372990.0,4.0,3.0,2.0,1,,0,0,0,0,1,0,0,0,0,1,0,0,Austin
29,2020.0,377990.0,138.0,377990.0,5.0,3.0,3.0,0,,0,0,0,0,1,0,0,0,0,1,0,0,Austin
30,,371990.0,147.0,371990.0,4.0,3.0,3.0,0,,0,0,0,0,1,0,0,0,0,1,0,0,Austin
31,1982.0,499990.0,229.0,499990.0,4.0,3.0,3.0,0,8537.0,0,0,0,0,1,0,0,0,0,0,0,0,Austin
32,2007.0,494700.0,709.0,494700.0,1.0,1.0,1.0,0,,1,0,0,0,0,0,0,0,0,0,0,0,Austin
33,1954.0,515000.0,432.0,515000.0,3.0,1.0,1.0,0,8407.0,0,0,0,0,1,0,0,0,0,0,0,0,Austin
34,2017.0,369900.0,256.0,369900.0,2.0,3.0,2.0,1,,1,0,0,0,0,0,0,0,0,0,0,0,Austin
35,1985.0,374900.0,251.0,374900.0,4.0,2.0,2.0,0,5880.0,0,0,0,0,1,0,0,0,0,0,0,0,Austin
36,1980.0,559000.0,247.0,559000.0,3.0,2.0,2.0,0,6446.0,0,0,0,0,1,0,0,0,0,0,0,0,Austin
37,1965.0,195000.0,289.0,195000.0,0.0,1.0,1.0,0,,1,0,0,0,0,0,0,0,0,0,0,0,Austin
38,2020.0,281990.0,130.0,281990.0,4.0,3.0,3.0,0,,0,0,0,0,1,0,0,0,0,1,0,0,Austin
39,2018.0,424700.0,147.0,424700.0,4.0,3.0,2.0,1,,1,0,0,0,0,0,0,0,0,0,0,0,Austin
40,1955.0,635000.0,403.0,635000.0,4.0,3.0,3.0,0,6926.0,0,0,0,0,1,0,0,0,0,0,0,0,Austin
41,1960.0,382500.0,342.0,382500.0,3.0,2.0,2.0,0,12632.4,0,0,0,0,1,0,0,0,0,0,0,0,Austin
42,2004.0,875000.0,247.0,875000.0,3.0,4.0,3.0,1,30056.4,0,0,0,0,1,0,0,0,0,0,0,0,Austin
43,2014.0,485000.0,706.0,485000.0,1.0,1.0,1.0,0,,1,0,0,0,0,0,0,0,0,0,0,0,Austin
44,2008.0,432000.0,501.0,432000.0,1.0,1.0,1.0,0,,1,0,0,0,0,0,0,0,0,0,0,0,Austin
45,1983.0,535000.0,280.0,535000.0,4.0,3.0,2.0,1,9321.0,0,0,0,0,1,0,0,0,0,0,0,0,Austin
46,2014.0,2350000.0,655.0,2350000.0,5.0,4.0,4.0,0,9278.0,0,0,0,0,1,0,0,0,0,0,0,0,Austin
47,2018.0,749000.0,257.0,749000.0,4.0,4.0,3.0,1,6969.0,0,0,0,0,1,0,0,0,0,0,0,0,Austin
48,2016.0,275000.0,225.0,275000.0,0.0,3.0,2.0,1,,1,0,0,0,0,0,0,0,0,0,0,0,Austin
49,1979.0,475000.0,266.0,475000.0,3.0,3.0,3.0,0,3920.0,0,0,0,0,0,1,0,0,0,0,0,0,Austin
50,2008.0,429900.0,196.0,429900.0,3.0,2.0,2.0,0,8145.0,0,0,0,0,1,0,0,0,0,0,0,0,Austin
51,1962.0,439900.0,246.0,439900.0,3.0,2.0,2.0,0,10890.0,0,0,0,0,1,0,0,0,0,0,0,0,Austin
52,2018.0,1098000.0,517.0,1098000.0,3.0,4.0,3.0,1,,1,0,0,0,0,0,0,0,0,0,0,0,Austin
53,1973.0,370000.0,306.0,370000.0,3.0,2.0,2.0,0,6708.0,0,0,0,0,1,0,0,0,0,0,0,0,Austin
54,2001.0,991150.0,401.0,991150.0,4.0,4.0,3.0,1,20908.8,0,0,0,0,1,0,0,0,0,0,0,0,Austin
55,2015.0,1250000.0,433.0,1250000.0,4.0,4.0,4.0,0,37026.0,0,0,0,0,1,0,0,0,0,0,0,0,Austin
56,2007.0,368500.0,394.0,368500.0,2.0,1.0,1.0,0,,0,0,0,0,0,0,0,0,0,0,1,0,Austin
57,1991.0,395000.0,208.0,395000.0,4.0,3.0,2.0,1,7884.0,0,0,0,0,1,0,0,0,0,0,0,0,Austin
58,2002.0,330000.0,130.0,330000.0,3.0,3.0,2.0,1,7230.0,0,0,0,0,1,0,0,0,0,0,0,0,Austin
59,1966.0,899000.0,371.0,899000.0,3.0,2.0,2.0,0,11761.2,0,0,0,0,1,0,0,0,0,0,0,0,Austin
60,1951.0,689900.0,428.0,689900.0,3.0,2.0,2.0,0,12196.8,0,0,0,0,1,0,0,0,0,0,0,0,Austin
61,1999.0,529000.0,367.0,529000.0,2.0,3.0,2.0,1,,1,0,0,0,0,0,0,0,0,0,0,0,Austin
62,1949.0,400000.0,296.0,400000.0,3.0,1.0,1.0,0,5793.0,0,0,0,0,1,0,0,0,0,0,0,0,Austin
63,2013.0,2095000.0,668.0,2095000.0,4.0,3.0,2.0,1,9365.0,0,0,0,0,1,0,0,0,0,0,0,0,Austin
64,2020.0,266990.0,125.0,266990.0,4.0,3.0,2.0,1,,0,0,0,0,1,0,0,0,0,1,0,0,Austin
65,2017.0,275000.0,178.0,275000.0,3.0,3.0,2.0,1,3963.0,0,0,0,0,0,1,0,0,0,0,0,0,Austin
66,1978.0,539900.0,286.0,539900.0,3.0,3.0,2.0,1,6969.0,0,0,0,0,1,0,0,0,0,0,0,0,Austin
67,1981.0,415000.0,295.0,415000.0,3.0,2.0,2.0,0,6708.0,0,0,0,0,1,0,0,0,0,0,0,0,Austin
68,1961.0,375000.0,322.0,375000.0,3.0,1.0,1.0,0,9713.0,0,0,0,0,1,0,0,0,0,0,0,0,Austin
69,1984.0,299000.0,342.0,299000.0,2.0,2.0,2.0,0,,1,0,0,0,0,0,0,0,0,0,0,0,Austin
70,1990.0,740000.0,265.0,740000.0,4.0,3.0,2.0,1,89733.6,0,0,0,0,1,0,0,0,0,0,0,0,Austin
71,1985.0,330000.0,180.0,330000.0,4.0,2.0,2.0,0,7274.0,0,0,0,0,1,0,0,0,0,0,0,0,Austin
72,2017.0,425000.0,224.0,425000.0,4.0,3.0,3.0,0,,1,0,0,0,0,0,0,0,0,0,0,0,Austin
73,2012.0,459995.0,173.0,459995.0,4.0,3.0,2.0,1,,1,0,0,0,0,0,0,0,0,0,0,0,Austin
74,1993.0,495000.0,213.0,495000.0,4.0,2.0,2.0,0,12196.8,0,0,0,0,1,0,0,0,0,0,0,0,Austin
75,2019.0,345000.0,175.0,345000.0,4.0,2.0,2.0,0,6316.0,0,0,0,0,1,0,0,0,0,0,0,0,Austin
76,1962.0,720000.0,414.0,720000.0,3.0,2.0,2.0,0,9147.0,0,0,0,0,1,0,0,0,0,0,0,0,Austin
77,1980.0,355000.0,235.0,355000.0,3.0,2.0,2.0,0,13503.6,0,0,0,0,1,0,0,0,0,0,0,0,Austin
78,2006.0,650000.0,195.0,650000.0,4.0,4.0,3.0,1,9975.0,0,0,0,0,1,0,0,0,0,0,0,0,Austin
79,1980.0,355000.0,235.0,355000.0,3.0,2.0,2.0,0,13503.6,0,0,0,0,1,0,0,0,0,0,0,0,Austin
80,1962.0,720000.0,414.0,720000.0,3.0,2.0,2.0,0,9147.0,0,0,0,0,1,0,0,0,0,0,0,0,Austin
81,1972.0,449900.0,340.0,449900.0,4.0,2.0,2.0,0,6795.0,0,0,0,0,1,0,0,0,0,0,0,0,Austin
82,2002.0,695000.0,228.0,695000.0,3.0,3.0,2.0,1,8755.0,0,0,0,0,1,0,0,0,0,0,0,0,Austin
83,1999.0,435000.0,155.0,435000.0,4.0,3.0,2.0,1,9147.0,0,0,0,0,1,0,0,0,0,0,0,0,Austin
84,1977.0,1250000.0,542.0,1250000.0,3.0,3.0,3.0,0,157687.2,0,0,0,0,1,0,0,0,0,0,0,0,Austin
85,2016.0,670000.0,377.0,670000.0,3.0,3.0,2.0,1,,1,0,0,0,0,0,0,0,0,0,0,0,Austin
86,2008.0,849900.0,242.0,849900.0,4.0,4.0,3.0,1,1.0,0,0,0,0,1,0,0,0,0,0,0,0,Austin
87,2020.0,696000.0,314.0,696000.0,3.0,3.0,2.0,1,,1,0,0,0,0,0,0,0,0,0,0,0,Austin
88,2010.0,422900.0,206.0,422900.0,3.0,2.0,2.0,0,9583.0,0,0,0,0,1,0,0,0,0,0,0,0,Austin
89,1969.0,520000.0,301.0,520000.0,3.0,2.0,2.0,0,9278.0,0,0,0,0,1,0,0,0,0,0,0,0,Austin
90,1979.0,485000.0,270.0,485000.0,3.0,2.0,2.0,0,8755.0,0,0,0,0,1,0,0,1,0,0,0,0,Austin
91,2019.0,1499000.0,497.0,1499000.0,4.0,4.0,3.0,1,10702.0,0,0,0,0,1,0,0,0,0,0,0,0,Austin
92,1971.0,700000.0,236.0,700000.0,0.0,,,0,,0,0,1,0,0,0,0,0,0,0,0,0,Austin
93,1955.0,825000.0,520.0,825000.0,3.0,2.0,2.0,0,10018.0,0,0,0,0,1,0,0,0,0,0,0,0,Austin
94,1976.0,575000.0,294.0,575000.0,4.0,2.0,2.0,0,9147.0,0,0,0,0,1,0,0,0,0,0,0,0,Austin
95,1982.0,425000.0,269.0,425000.0,3.0,2.0,2.0,0,7013.0,0,0,0,0,1,0,0,0,0,0,0,0,Austin
96,1978.0,425000.0,283.0,425000.0,3.0,2.0,2.0,0,6534.0,0,0,0,0,1,0,0,0,0,0,0,0,Austin
97,1977.0,420000.0,284.0,420000.0,3.0,2.0,2.0,0,8276.0,0,0,0,0,1,0,0,0,0,0,0,0,Austin
98,2001.0,360000.0,217.0,360000.0,3.0,3.0,2.0,1,,1,0,0,0,0,0,0,0,0,0,0,0,Austin
99,,370000.0,370.0,370000.0,2.0,2.0,2.0,0,,0,0,0,0,1,0,0,0,0,0,0,0,Austin
100,1993.0,365000.0,215.0,365000.0,3.0,3.0,2.0,1,5662.0,0,0,0,0,1,0,0,0,0,0,0,0,Austin
101,1985.0,325000.0,216.0,325000.0,3.0,2.0,2.0,0,9583.0,0,0,0,0,1,0,0,0,0,0,0,0,Austin
102,2005.0,289900.0,172.0,289900.0,3.0,2.0,2.0,0,10454.0,0,0,0,0,1,0,0,0,0,0,0,0,Austin
103,2005.0,329900.0,166.0,329900.0,4.0,3.0,2.0,1,6359.0,0,0,0,0,1,0,0,0,0,0,0,0,Austin
104,1988.0,550000.0,286.0,550000.0,3.0,2.0,2.0,0,8668.0,0,0,0,0,1,0,0,0,0,0,0,0,Austin
105,1951.0,350000.0,337.0,350000.0,3.0,1.0,1.0,0,6969.0,0,0,0,0,1,0,0,0,0,0,0,0,Austin
106,1951.0,950000.0,681.0,950000.0,3.0,2.0,2.0,0,6534.0,0,0,0,0,1,0,0,0,0,0,0,0,Austin
107,1959.0,424900.0,454.0,424900.0,3.0,3.0,2.0,1,7753.0,0,0,0,0,1,0,0,0,0,0,0,0,Austin
108,1966.0,429000.0,365.0,429000.0,3.0,2.0,2.0,0,9936.0,0,0,0,0,1,0,0,0,0,0,0,0,Austin
109,1998.0,925000.0,446.0,925000.0,3.0,3.0,2.0,1,7448.0,0,0,0,0,1,0,0,0,0,0,0,0,Austin
110,2020.0,284158.0,175.0,284158.0,3.0,3.0,2.0,1,,1,0,0,0,0,0,0,0,0,0,0,0,Austin
111,2020.0,296356.0,165.0,296356.0,3.0,3.0,2.0,1,,1,0,0,0,0,0,0,0,0,0,0,0,Austin
112,2020.0,340000.0,439.0,340000.0,1.0,1.0,1.0,0,,1,0,0,0,0,0,0,0,0,0,0,0,Austin
113,2007.0,405000.0,200.0,405000.0,4.0,3.0,2.0,1,6272.0,0,0,0,0,1,0,0,0,0,0,0,0,Austin
114,1998.0,270000.0,186.0,270000.0,3.0,3.0,2.0,1,6272.0,0,0,0,0,1,0,0,0,0,0,0,0,Austin
115,2004.0,275000.0,130.0,275000.0,3.0,3.0,2.0,1,8189.0,0,0,0,0,1,0,0,0,0,0,0,0,Austin
116,2020.0,753900.0,221.0,753900.0,4.0,3.0,3.0,0,,0,0,0,0,1,0,0,0,0,0,0,0,Austin
117,2007.0,215000.0,140.0,215000.0,4.0,2.0,2.0,0,4965.0,0,0,0,0,1,0,0,0,0,0,0,0,Austin
118,2012.0,295000.0,156.0,295000.0,4.0,3.0,2.0,1,5183.0,0,0,0,0,1,0,0,0,0,0,0,0,Austin
119,2006.0,599000.0,217.0,599000.0,4.0,3.0,2.0,1,10410.0,0,0,0,0,1,0,0,0,0,0,0,0,Austin
120,2014.0,470000.0,199.0,470000.0,4.0,3.0,3.0,0,5662.0,0,0,0,0,1,0,0,0,0,0,0,0,Austin
121,1984.0,179900.0,199.0,179900.0,2.0,2.0,1.0,1,2003.0,0,0,0,0,0,1,0,0,0,0,0,0,Austin
122,1933.0,995000.0,432.0,995000.0,4.0,3.0,3.0,0,5096.0,0,0,0,0,1,0,0,0,0,0,0,0,Austin
123,2020.0,655000.0,380.0,655000.0,3.0,3.0,2.0,1,,1,0,0,0,0,0,0,0,0,0,0,0,Austin
124,1928.0,1025000.0,626.0,1025000.0,3.0,2.0,2.0,0,5488.0,0,0,0,0,1,0,0,0,0,0,0,0,Austin
125,1985.0,469000.0,231.0,469000.0,3.0,3.0,2.0,1,3702.0,0,0,0,0,0,1,0,0,0,0,0,0,Austin
126,2007.0,650000.0,156.0,650000.0,5.0,5.0,4.0,1,17424.0,0,0,0,0,1,0,0,0,0,0,0,0,Austin
127,2016.0,825000.0,381.0,825000.0,3.0,3.0,2.0,1,5662.0,0,0,0,0,1,0,0,0,0,0,0,0,Austin
128,2017.0,550000.0,466.0,550000.0,2.0,3.0,2.0,1,,1,0,0,0,0,0,0,0,0,0,0,0,Austin
129,1982.0,245000.0,277.0,245000.0,2.0,1.0,1.0,0,6403.0,0,0,0,0,1,0,0,0,0,0,0,0,Austin
130,2012.0,615000.0,310.0,615000.0,3.0,4.0,3.0,1,,1,0,0,0,0,0,0,0,0,0,0,0,Austin
131,1986.0,355000.0,237.0,355000.0,3.0,3.0,2.0,1,10890.0,0,0,0,0,1,0,0,0,0,0,0,0,Austin
132,2017.0,789000.0,196.0,789000.0,4.0,4.0,3.0,1,8712.0,0,0,0,0,1,0,0,0,0,0,0,0,Austin
133,1986.0,375000.0,265.0,375000.0,3.0,2.0,2.0,0,6359.0,0,0,0,0,1,0,0,0,0,0,0,0,Austin
134,2017.0,614500.0,503.0,614500.0,3.0,2.0,2.0,0,,1,0,0,0,0,0,0,0,0,0,0,0,Austin
135,2014.0,340000.0,148.0,340000.0,4.0,3.0,3.0,0,4399.0,0,0,0,0,1,0,0,0,0,0,0,0,Austin
136,1998.0,385000.0,292.0,385000.0,3.0,2.0,2.0,0,7361.0,0,0,0,0,1,0,0,0,0,0,0,0,Austin
137,2005.0,289900.0,141.0,289900.0,3.0,2.0,2.0,0,7840.0,0,0,0,0,1,0,0,0,0,0,0,0,Austin
138,1984.0,364900.0,264.0,364900.0,3.0,2.0,2.0,0,5749.0,0,0,0,0,1,0,0,0,0,0,0,0,Austin
139,2020.0,717900.0,218.0,717900.0,4.0,4.0,3.0,1,,0,0,0,0,1,0,0,0,0,0,0,0,Austin
140,2017.0,1075000.0,450.0,1075000.0,4.0,3.0,3.0,0,6969.0,0,0,0,0,1,0,0,0,0,0,0,0,Austin
141,1996.0,524900.0,341.0,524900.0,3.0,3.0,3.0,0,,1,0,0,0,0,0,0,0,0,0,0,0,Austin
142,1992.0,190000.0,269.0,190000.0,1.0,1.0,1.0,0,,1,0,0,0,0,0,0,0,0,0,0,0,Austin
143,2002.0,6000000.0,1179.0,6000000.0,5.0,5.0,5.0,0,36590.4,0,0,0,0,1,0,0,0,0,0,0,0,Austin
144,1961.0,375000.0,224.0,375000.0,4.0,2.0,2.0,0,13939.2,0,0,0,0,1,0,0,0,0,0,0,0,Austin
145,1920.0,980000.0,492.0,980000.0,3.0,2.0,2.0,0,6011.0,0,0,0,0,1,0,0,0,0,0,0,0,Austin
146,1935.0,399900.0,673.0,399900.0,1.0,1.0,1.0,0,4356.0,0,0,0,0,1,0,0,0,0,0,0,0,Austin
147,2000.0,497500.0,182.0,497500.0,4.0,3.0,2.0,1,8015.0,0,0,0,0,1,0,0,0,0,0,0,0,Austin
148,2006.0,305000.0,219.0,305000.0,3.0,3.0,2.0,1,5749.0,0,0,0,0,1,0,0,0,0,0,0,0,Austin
149,1984.0,600000.0,198.0,600000.0,4.0,4.0,2.0,2,11761.2,0,0,0,0,1,0,0,0,0,0,0,0,Austin
150,1947.0,935000.0,604.0,935000.0,3.0,2.0,2.0,0,7840.0,0,0,0,0,1,0,0,0,0,0,0,0,Austin
151,1988.0,315000.0,140.0,315000.0,3.0,3.0,2.0,1,8407.0,0,0,0,0,1,0,0,1,0,0,0,0,Austin
152,2018.0,535000.0,807.0,535000.0,1.0,1.0,1.0,0,,1,0,0,0,0,0,0,0,1,0,0,0,Austin
153,2007.0,520899.0,360.0,520899.0,2.0,2.0,2.0,0,,1,0,0,0,0,0,0,0,0,0,0,0,Austin
154,1991.0,435000.0,237.0,435000.0,4.0,2.0,2.0,0,8799.0,0,0,0,0,1,0,0,0,0,0,0,0,Austin
155,1927.0,329000.0,629.0,329000.0,1.0,1.0,1.0,0,1960.0,0,0,0,0,1,0,0,0,0,0,1,0,Austin
156,2020.0,297243.0,173.0,297243.0,3.0,3.0,2.0,1,,1,0,0,0,0,0,0,0,0,0,0,0,Austin
157,2020.0,299265.0,174.0,299265.0,3.0,3.0,2.0,1,,1,0,0,0,0,0,0,0,0,0,0,0,Austin
158,1978.0,1260000.0,390.0,1260000.0,3.0,3.0,3.0,0,10410.0,0,0,0,0,1,0,0,0,0,0,0,0,Austin
159,2017.0,614500.0,503.0,614500.0,3.0,2.0,2.0,0,,1,0,0,0,0,0,0,0,0,0,0,0,Austin
160,2020.0,603000.0,815.0,603000.0,1.0,1.0,1.0,0,,1,0,0,0,0,0,0,0,0,1,0,0,Austin
161,2020.0,754000.0,768.0,754000.0,2.0,2.0,2.0,0,,1,0,0,0,0,0,0,0,0,1,0,0,Austin
162,1966.0,225000.0,370.0,225000.0,1.0,1.0,1.0,0,11761200.0,0,0,0,0,0,1,0,0,0,1,0,0,Austin
163,,425000.0,266.0,425000.0,3.0,3.0,2.0,1,,1,0,0,0,0,0,0,0,0,0,0,0,Austin
164,1995.0,519900.0,220.0,519900.0,4.0,3.0,2.0,1,10105.0,0,0,0,0,1,0,0,0,0,0,0,0,Austin
165,2013.0,415000.0,165.0,415000.0,4.0,4.0,3.0,1,,1,0,0,0,0,0,0,0,0,0,0,0,Austin
166,2020.0,654990.0,204.0,654990.0,4.0,4.0,3.0,1,,0,0,0,0,1,0,0,0,0,1,0,0,Austin
167,,470849.0,300.0,470849.0,3.0,3.0,2.0,1,,0,0,0,0,1,0,0,0,0,1,0,0,Austin
168,,475866.0,281.0,475866.0,3.0,3.0,2.0,1,,0,0,0,0,1,0,0,0,0,1,0,0,Austin
169,,90995.0,58.0,90995.0,3.0,2.0,2.0,0,,0,0,0,0,1,0,0,0,0,1,0,0,Austin
170,2020.0,699900.0,509.0,699900.0,2.0,2.0,2.0,0,10890.0,0,0,0,0,1,0,0,0,0,0,0,0,Austin
171,1961.0,445000.0,286.0,445000.0,4.0,2.0,2.0,0,8712.0,0,0,0,0,1,0,0,0,0,0,0,0,Austin
172,2020.0,250990.0,177.0,250990.0,3.0,2.0,2.0,0,,0,0,0,0,1,0,0,0,0,1,0,0,Austin
173,,418800.0,377.0,418800.0,2.0,2.0,2.0,0,,1,0,0,0,0,0,0,0,0,0,0,0,Austin
174,1974.0,519000.0,249.0,519000.0,4.0,3.0,3.0,0,13503.6,0,0,0,0,1,0,0,0,0,0,0,0,Austin
175,2020.0,390000.0,405.0,390000.0,2.0,2.0,2.0,0,,1,0,0,0,0,0,0,0,0,0,0,0,Austin
176,2014.0,449000.0,652.0,449000.0,1.0,1.0,1.0,0,,1,0,0,0,0,0,0,0,0,0,0,0,Austin
177,1968.0,205000.0,331.0,205000.0,1.0,1.0,1.0,0,,1,0,0,0,0,0,0,0,0,0,0,0,Austin
178,1989.0,550000.0,238.0,550000.0,4.0,2.0,2.0,0,7405.0,0,0,0,0,1,0,0,0,0,0,0,0,Austin
179,1983.0,340000.0,206.0,340000.0,3.0,2.0,2.0,0,7492.0,0,0,0,0,1,0,0,0,0,0,0,0,Austin
180,2001.0,1075000.0,692.0,1075000.0,2.0,2.0,2.0,0,,1,0,0,0,0,0,0,0,0,0,0,0,Austin
181,2020.0,418990.0,274.0,418990.0,2.0,2.0,2.0,0,,0,0,0,0,1,0,0,0,0,1,0,0,Austin
182,1993.0,400000.0,157.0,400000.0,3.0,3.0,2.0,1,9147.0,0,0,0,0,1,0,0,0,0,0,0,0,Austin
183,1975.0,272900.0,284.0,272900.0,3.0,2.0,2.0,0,5227.0,0,0,0,0,1,0,0,0,0,0,0,0,Austin
184,1999.0,499000.0,209.0,499000.0,4.0,3.0,2.0,1,5793.0,0,0,0,0,1,0,0,0,0,0,0,0,Austin
185,1972.0,4495000.0,1134.0,4495000.0,5.0,4.0,4.0,0,44431.2,0,0,0,0,1,0,0,0,0,0,0,0,Austin
186,2018.0,575000.0,325.0,575000.0,3.0,4.0,3.0,1,,1,0,0,0,0,0,0,0,0,0,0,0,Austin
187,1967.0,799900.0,324.0,799900.0,0.0,,,0,,0,0,1,0,0,0,0,0,0,0,0,0,Austin
188,,257990.0,134.0,257990.0,3.0,3.0,2.0,1,,0,0,0,0,1,0,0,0,0,1,0,0,Austin
189,2002.0,685000.0,279.0,685000.0,3.0,3.0,2.0,1,27007.2,0,0,0,0,1,0,0,0,0,0,0,0,Austin
190,1955.0,545000.0,371.0,545000.0,3.0,2.0,2.0,0,7405.0,0,0,0,0,1,0,0,0,0,0,0,0,Austin
191,2003.0,275000.0,199.0,275000.0,3.0,3.0,2.0,1,,1,0,0,0,0,0,0,0,0,0,0,0,Austin
192,2002.0,245000.0,181.0,245000.0,2.0,2.0,2.0,0,,1,0,0,0,0,0,0,0,0,0,0,0,Austin
193,2020.0,258990.0,176.0,258990.0,3.0,2.0,2.0,0,,0,0,0,0,1,0,0,0,0,1,0,0,Austin
194,,3500000.0,,3500000.0,3.0,4.0,,0,16552.8,0,0,0,0,1,0,0,0,0,1,0,0,Austin
195,1999.0,799000.0,233.0,799000.0,5.0,5.0,4.0,1,77536.8,0,0,0,0,1,0,0,0,0,0,0,0,Austin
196,,580000.0,225.0,580000.0,5.0,4.0,4.0,0,,1,0,0,0,0,0,0,0,0,0,0,0,Austin
197,2014.0,339500.0,122.0,339500.0,5.0,3.0,2.0,1,10410.0,0,0,0,0,1,0,0,0,0,0,0,0,Austin
198,2013.0,785000.0,320.0,785000.0,3.0,3.0,2.0,1,,1,0,0,0,0,0,0,0,0,0,0,0,Austin
199,1998.0,425000.0,219.0,425000.0,3.0,3.0,2.0,1,6403.0,0,0,0,0,1,0,0,0,0,0,0,0,Austin
200,1960.0,550000.0,481.0,550000.0,3.0,2.0,2.0,0,8276.0,0,0,0,0,1,0,0,0,0,0,0,0,Austin
201,,264990.0,209.0,264990.0,3.0,2.0,2.0,0,,0,0,0,0,1,0,0,0,0,1,0,0,Austin
202,,100995.0,60.0,100995.0,3.0,2.0,2.0,0,,0,0,0,0,1,0,0,0,0,1,0,0,Austin
203,,244990.0,193.0,244990.0,3.0,3.0,2.0,1,,0,0,0,0,0,1,0,0,0,1,0,0,Austin
204,1948.0,1635000.0,400.0,1635000.0,5.0,4.0,3.0,1,20473.2,0,0,0,0,1,0,0,1,0,0,0,0,Austin
205,,614990.0,229.0,614990.0,4.0,3.0,3.0,0,,0,0,0,0,1,0,0,0,0,1,0,0,Austin
206,2020.0,573990.0,176.0,573990.0,4.0,3.0,3.0,0,,0,0,0,0,1,0,0,0,0,1,0,0,Austin
207,2004.0,565000.0,232.0,565000.0,4.0,3.0,2.0,1,8102.0,0,0,0,0,1,0,0,0,0,0,0,0,Austin
208,1996.0,198888.0,240.0,198888.0,2.0,2.0,1.0,1,,1,0,0,0,0,0,0,0,0,0,0,0,Austin
209,1975.0,411000.0,317.0,411000.0,3.0,2.0,2.0,0,7056.0,0,0,0,0,1,0,0,0,0,0,0,0,Austin
210,2020.0,1400000.0,323.0,1400000.0,5.0,5.0,5.0,0,,0,0,0,0,1,0,0,0,0,1,0,0,Austin
211,2020.0,374400.0,196.0,374400.0,3.0,2.0,2.0,0,,0,0,0,0,1,0,0,0,0,1,0,0,Austin
212,2016.0,420000.0,204.0,420000.0,3.0,3.0,2.0,1,2008.0,0,0,0,0,1,0,0,0,0,0,0,0,Austin
213,2012.0,375000.0,543.0,375000.0,1.0,1.0,1.0,0,,1,0,0,0,0,0,0,0,0,0,0,0,Austin
214,1945.0,648700.0,470.0,648700.0,0.0,0.0,,0,,0,0,0,1,0,0,0,0,0,0,0,0,Austin
215,1986.0,399000.0,253.0,399000.0,3.0,2.0,2.0,0,10193.0,0,0,0,0,1,0,0,0,0,0,0,0,Austin
216,1986.0,370000.0,288.0,370000.0,3.0,3.0,2.0,1,4922.0,0,0,0,0,1,0,0,0,0,0,0,0,Austin
217,2009.0,875000.0,266.0,875000.0,3.0,3.0,3.0,0,,1,0,0,0,0,0,0,0,0,0,0,0,Austin
218,2020.0,302990.0,182.0,302990.0,3.0,3.0,2.0,1,,0,0,0,0,1,0,0,0,0,1,0,0,Austin
219,2020.0,515000.0,504.0,515000.0,2.0,3.0,2.0,1,7143.0,0,0,0,0,1,0,0,0,0,0,0,0,Austin
220,2020.0,850000.0,404.0,850000.0,3.0,3.0,3.0,0,7143.0,0,0,0,0,1,0,0,0,0,0,0,0,Austin
221,1969.0,250000.0,141.0,250000.0,3.0,3.0,2.0,1,9583.0,0,0,0,0,1,0,0,0,0,0,0,0,Austin
222,2019.0,1698000.0,845.0,1698000.0,3.0,3.0,3.0,0,,1,0,0,0,0,0,0,0,0,1,0,0,Austin
223,1969.0,549900.0,335.0,549900.0,4.0,2.0,2.0,0,9583.0,0,0,0,0,1,0,0,0,0,0,0,0,Austin
224,2016.0,279000.0,188.0,279000.0,3.0,3.0,2.0,1,,1,0,0,0,0,0,0,0,0,0,0,0,Austin
225,2013.0,379000.0,192.0,379000.0,3.0,3.0,2.0,1,6534.0,0,0,0,0,1,0,0,0,0,0,0,0,Austin
226,2020.0,961000.0,753.0,961000.0,2.0,2.0,2.0,0,,1,0,0,0,0,0,0,0,0,0,0,0,Austin
227,,417990.0,218.0,417990.0,3.0,3.0,2.0,1,,0,0,0,0,1,0,0,0,0,1,0,0,Austin
228,1955.0,750000.0,716.0,750000.0,2.0,1.0,1.0,0,7579.0,0,0,0,0,1,0,0,0,0,0,0,0,Austin
229,2007.0,959900.0,379.0,959900.0,3.0,3.0,2.0,1,7405.0,0,0,0,0,1,0,0,0,0,0,0,0,Austin
230,,280990.0,173.0,280990.0,4.0,2.0,2.0,0,,0,0,0,0,1,0,0,0,0,1,0,0,Austin
231,,469000.0,455.0,469000.0,2.0,3.0,2.0,1,,1,0,0,0,0,0,0,0,0,0,0,0,Austin
232,1985.0,349999.0,226.0,349999.0,3.0,2.0,2.0,0,9234.0,0,0,0,0,1,0,0,0,0,0,0,0,Austin
233,1936.0,2995000.0,809.0,2995000.0,4.0,4.0,3.0,1,14810.4,0,0,0,0,1,0,0,0,0,0,0,0,Austin
234,1973.0,200000.0,187.0,200000.0,2.0,2.0,1.0,1,,1,0,0,0,0,0,0,0,0,0,0,0,Austin
235,2020.0,429000.0,,429000.0,2.0,2.0,2.0,0,,1,0,0,0,0,0,0,0,0,0,0,0,Austin
236,2020.0,394000.0,,394000.0,1.0,1.0,1.0,0,,1,0,0,0,0,0,0,0,0,0,0,0,Austin
237,,320000.0,,320000.0,0.0,1.0,1.0,0,,1,0,0,0,0,0,0,0,0,0,0,0,Austin
238,,563990.0,142.0,563990.0,5.0,5.0,4.0,1,,0,0,0,0,1,0,0,0,0,1,0,0,Austin
239,,280990.0,138.0,280990.0,4.0,2.0,2.0,0,,0,0,0,0,1,0,0,0,0,1,0,0,Austin
240,2020.0,575990.0,135.0,575990.0,5.0,6.0,5.0,1,,0,0,0,0,1,0,0,0,0,1,0,0,Austin
241,2020.0,338800.0,359.0,338800.0,1.0,1.0,1.0,0,,1,0,0,0,0,0,0,0,0,0,0,0,Austin
242,2020.0,393990.0,259.0,393990.0,2.0,3.0,2.0,1,,0,0,0,0,1,0,0,0,0,1,0,0,Austin
243,2020.0,429990.0,244.0,429990.0,3.0,3.0,2.0,1,,0,0,0,0,1,0,0,0,0,1,0,0,Austin
244,,255990.0,162.0,255990.0,3.0,3.0,2.0,1,,0,0,0,0,0,1,0,0,0,1,0,0,Austin
245,1976.0,470000.0,316.0,470000.0,3.0,2.0,2.0,0,9191.0,0,0,0,0,1,0,0,0,0,0,0,0,Austin
246,1984.0,329000.0,295.0,329000.0,3.0,2.0,2.0,0,8276.0,0,0,0,0,1,0,0,0,0,0,0,0,Austin
247,,548990.0,206.0,548990.0,4.0,3.0,3.0,0,,0,0,0,0,1,0,0,0,0,1,0,0,Austin
248,2018.0,835000.0,220.0,835000.0,5.0,4.0,4.0,0,8929.0,0,0,0,0,1,0,0,0,0,0,0,0,Austin
249,2004.0,900000.0,170.0,900000.0,6.0,5.0,4.0,1,165963.6,0,0,0,0,1,0,0,0,0,0,0,0,Austin
250,2016.0,4250000.0,843.0,4250000.0,6.0,6.0,5.0,1,11761.2,0,0,0,0,1,0,0,0,0,0,0,0,Austin
251,2020.0,1100000.0,463.0,1100000.0,4.0,4.0,3.0,1,3484.0,0,0,0,0,1,0,0,0,0,0,0,0,Austin
252,1979.0,1795000.0,598.0,1795000.0,4.0,3.0,3.0,0,12632.4,0,0,0,0,1,0,0,0,0,0,0,0,Austin
253,2004.0,499999.0,194.0,499999.0,3.0,3.0,2.0,1,,1,0,0,0,0,0,0,0,0,0,0,0,Austin
254,2020.0,320000.0,455.0,320000.0,0.0,1.0,1.0,0,,1,0,0,0,0,0,0,0,0,0,0,0,Austin
255,1980.0,165000.0,412.0,165000.0,1.0,1.0,1.0,0,,1,0,0,0,0,0,0,0,0,0,0,0,Austin
256,2020.0,950000.0,338.0,950000.0,3.0,4.0,3.0,1,,0,0,0,0,0,1,0,0,0,1,0,0,Austin
257,2020.0,275000.0,440.0,275000.0,1.0,1.0,1.0,0,,0,0,0,0,1,0,0,0,0,0,0,0,Austin
258,2018.0,909000.0,832.0,909000.0,1.0,2.0,1.0,1,,1,0,0,0,0,0,0,0,1,0,0,0,Austin
259,1953.0,725000.0,368.0,725000.0,4.0,2.0,1.0,1,7213.0,0,0,0,0,1,0,0,0,0,0,0,0,Austin
260,,403995.0,168.0,403995.0,3.0,3.0,2.0,1,,0,0,0,0,1,0,0,0,0,1,0,0,Austin
261,,307990.0,193.0,307990.0,3.0,2.0,2.0,0,,0,0,0,0,1,0,0,0,0,1,0,0,Austin
262,2007.0,510000.0,525.0,510000.0,1.0,2.0,1.0,1,,1,0,0,0,0,0,0,0,0,0,0,0,Austin
263,2015.0,460000.0,293.0,460000.0,3.0,3.0,2.0,1,,1,0,0,0,0,0,0,0,0,0,0,0,Austin
264,2020.0,311995.0,115.0,311995.0,4.0,3.0,2.0,1,,0,0,0,0,1,0,0,0,0,1,0,0,Austin
265,,424990.0,198.0,424990.0,4.0,3.0,2.0,1,,0,0,0,0,1,0,0,0,0,1,0,0,Austin
266,2020.0,580990.0,137.0,580990.0,5.0,6.0,5.0,1,,0,0,0,0,1,0,0,0,0,1,0,0,Austin
267,2020.0,730000.0,360.0,730000.0,4.0,3.0,2.0,1,,0,0,0,0,1,0,0,0,0,0,0,0,Austin
268,,567990.0,142.0,567990.0,4.0,4.0,3.0,1,,0,0,0,0,1,0,0,0,0,1,0,0,Austin
269,2020.0,295990.0,179.0,295990.0,3.0,3.0,2.0,1,,0,0,0,0,1,0,0,0,0,1,0,0,Austin
270,2020.0,305990.0,112.0,305990.0,5.0,3.0,3.0,0,,0,0,0,0,1,0,0,0,0,1,0,0,Austin
271,2020.0,469990.0,226.0,469990.0,3.0,3.0,2.0,1,,0,0,0,0,1,0,0,0,0,1,0,0,Austin
272,,588990.0,202.0,588990.0,4.0,3.0,3.0,0,,0,0,0,0,1,0,0,0,0,1,0,0,Austin
273,1965.0,450000.0,423.0,450000.0,3.0,1.0,1.0,0,6730.0,0,0,0,0,1,0,0,0,0,1,0,0,Austin
274,1993.0,4500000.0,1101.0,4500000.0,6.0,5.0,4.0,1,865101.6,0,0,0,0,1,0,0,0,0,0,0,0,Austin
275,2020.0,394990.0,245.0,394990.0,2.0,2.0,2.0,0,,0,0,0,0,1,0,0,0,0,1,0,0,Austin
276,2008.0,4299999.0,990.0,4299999.0,4.0,5.0,3.0,2,16552.8,0,0,0,0,1,0,0,0,0,0,0,0,Austin
277,2020.0,578990.0,188.0,578990.0,5.0,3.0,3.0,0,,0,0,0,0,1,0,0,0,0,1,0,0,Austin
278,1966.0,225000.0,370.0,225000.0,1.0,1.0,1.0,0,,1,0,0,0,0,0,0,0,0,0,0,0,Austin
279,1959.0,460000.0,246.0,460000.0,3.0,2.0,1.0,1,8276.0,0,0,0,0,1,0,0,1,0,0,0,0,Austin
280,2020.0,262990.0,132.0,262990.0,3.0,3.0,2.0,1,,0,0,0,0,1,0,0,0,0,1,0,0,Austin
281,1963.0,279000.0,320.0,279000.0,2.0,1.0,1.0,0,,1,0,0,0,0,0,0,0,0,0,0,0,Austin
282,,431990.0,275.0,431990.0,3.0,3.0,2.0,1,,0,0,0,0,1,0,0,0,0,1,0,0,Austin
283,2020.0,295990.0,129.0,295990.0,4.0,3.0,3.0,0,,0,0,0,0,1,0,0,0,0,1,0,0,Austin
284,2009.0,245000.0,191.0,245000.0,2.0,2.0,2.0,0,,1,0,0,0,0,0,0,0,0,0,0,0,Austin
285,2002.0,885000.0,632.0,885000.0,0.0,1.0,1.0,0,27442.8,0,0,0,0,1,0,0,0,0,0,0,0,Austin
286,,417995.0,144.0,417995.0,4.0,3.0,2.0,1,,0,0,0,0,1,0,0,0,0,1,0,0,Austin
287,2020.0,264995.0,166.0,264995.0,3.0,3.0,2.0,1,,0,0,0,0,1,0,0,0,0,1,0,0,Austin
288,2020.0,608990.0,169.0,608990.0,4.0,3.0,3.0,0,,0,0,0,0,1,0,0,0,0,1,0,0,Austin
289,2020.0,85995.0,55.0,85995.0,4.0,2.0,2.0,0,,0,0,0,0,1,0,0,0,0,1,0,0,Austin
290,2020.0,532000.0,387.0,532000.0,2.0,3.0,2.0,1,,0,0,0,0,1,0,0,0,0,0,0,0,Austin
291,2020.0,705000.0,290.0,705000.0,3.0,4.0,3.0,1,,0,0,0,0,0,1,0,0,0,1,0,0,Austin
292,2020.0,420400.0,189.0,420400.0,3.0,3.0,2.0,1,,0,0,0,0,1,0,0,0,0,1,0,0,Austin
293,2020.0,92995.0,59.0,92995.0,4.0,2.0,2.0,0,,0,0,0,0,1,0,0,0,0,1,0,0,Austin
294,,300990.0,208.0,300990.0,3.0,2.0,2.0,0,,0,0,0,0,1,0,0,0,0,1,0,0,Austin
295,2020.0,256990.0,163.0,256990.0,3.0,2.0,2.0,0,,0,0,0,0,1,0,0,0,0,1,0,0,Austin
296,1993.0,455000.0,180.0,455000.0,3.0,3.0,2.0,1,12196.8,0,0,0,0,1,0,0,0,0,0,0,0,Austin
297,2020.0,288990.0,193.0,288990.0,2.0,3.0,2.0,1,,0,0,0,0,1,0,0,0,0,1,0,0,Austin
298,,402990.0,294.0,402990.0,3.0,2.0,2.0,0,,0,0,0,0,1,0,0,0,0,1,0,0,Austin
299,2020.0,349000.0,554.0,349000.0,1.0,1.0,1.0,0,,1,0,0,0,0,0,0,0,0,0,0,0,Austin
300,,4441000.0,1400.0,4441000.0,2.0,3.0,3.0,0,,1,0,0,0,0,0,0,0,0,0,0,0,Austin
301,1955.0,650000.0,298.0,650000.0,0.0,,,0,13068.0,0,0,0,0,1,0,0,0,0,0,0,0,Austin
302,1982.0,199000.0,217.0,199000.0,2.0,2.0,2.0,0,,1,0,0,0,0,0,0,0,0,1,0,0,Austin
303,1982.0,191000.0,209.0,191000.0,2.0,2.0,2.0,0,,1,0,0,0,0,0,0,0,0,0,0,0,Austin
304,2020.0,273990.0,118.0,273990.0,4.0,3.0,3.0,0,,0,0,0,0,1,0,0,0,0,1,0,0,Austin
305,2020.0,871295.0,373.0,871295.0,3.0,3.0,2.0,1,,1,0,0,0,0,0,0,0,0,0,0,0,Austin
306,,385170.0,219.0,385170.0,3.0,3.0,2.0,1,,0,0,0,0,1,0,0,0,0,1,0,0,Austin
307,1999.0,331900.0,198.0,331900.0,4.0,3.0,2.0,1,5174.0,0,0,0,0,1,0,0,0,0,0,0,0,Austin
308,2020.0,523990.0,205.0,523990.0,3.0,3.0,2.0,1,,0,0,0,0,1,0,0,0,0,1,0,0,Austin
309,1981.0,514500.0,408.0,514500.0,2.0,3.0,2.0,1,,1,0,0,0,0,0,0,0,0,0,0,0,Austin
310,,517990.0,163.0,517990.0,4.0,4.0,3.0,1,,0,0,0,0,1,0,0,0,0,1,0,0,Austin
311,2020.0,609990.0,169.0,609990.0,4.0,3.0,3.0,0,,0,0,0,0,1,0,0,0,0,1,0,0,Austin
312,2020.0,273990.0,150.0,273990.0,4.0,2.0,2.0,0,,0,0,0,0,1,0,0,0,0,1,0,0,Austin
313,2020.0,395990.0,252.0,395990.0,3.0,3.0,2.0,1,,0,0,0,0,1,0,0,0,0,1,0,0,Austin
314,2020.0,337990.0,182.0,337990.0,4.0,2.0,2.0,0,,0,0,0,0,1,0,0,0,0,1,0,0,Austin
315,,228990.0,146.0,228990.0,4.0,3.0,2.0,1,,0,0,0,0,0,1,0,0,0,1,0,0,Austin
316,2020.0,429000.0,374.0,429000.0,2.0,2.0,2.0,0,,1,0,0,0,0,0,0,0,0,0,0,0,Austin
317,2020.0,429990.0,243.0,429990.0,3.0,3.0,2.0,1,,0,0,0,0,1,0,0,0,0,1,0,0,Austin
318,2020.0,261990.0,141.0,261990.0,4.0,2.0,2.0,0,,0,0,0,0,1,0,0,0,0,1,0,0,Austin
319,1965.0,795000.0,288.0,795000.0,3.0,2.0,2.0,0,43560.0,0,0,0,0,1,0,0,0,0,0,0,0,Austin
320,2007.0,1450000.0,315.0,1450000.0,5.0,5.0,4.0,1,51836.4,0,0,0,0,1,0,0,0,0,0,0,0,Austin
321,,557990.0,186.0,557990.0,4.0,3.0,3.0,0,,0,0,0,0,1,0,0,0,0,1,0,0,Austin
322,,465990.0,217.0,465990.0,4.0,3.0,2.0,1,,0,0,0,0,1,0,0,0,0,1,0,0,Austin
323,1962.0,499900.0,379.0,499900.0,3.0,2.0,2.0,0,11761.2,0,0,0,0,1,0,0,0,0,0,0,0,Austin
324,,468800.0,355.0,468800.0,2.0,2.0,2.0,0,,1,0,0,0,0,0,0,0,0,0,0,0,Austin
325,,303990.0,180.0,303990.0,4.0,3.0,2.0,1,,0,0,0,0,1,0,0,0,0,1,0,0,Austin
326,2008.0,625000.0,590.0,625000.0,2.0,2.0,2.0,0,,1,0,0,0,0,0,0,0,0,0,0,0,Austin
327,,590000.0,429.0,590000.0,2.0,2.0,2.0,0,,1,0,0,0,0,0,0,0,0,1,0,0,Austin
328,1973.0,349000.0,208.0,349000.0,3.0,2.0,2.0,0,14374.8,0,0,0,0,1,0,0,0,0,0,0,0,Austin
329,2020.0,290990.0,127.0,290990.0,4.0,3.0,3.0,0,,0,0,0,0,1,0,0,0,0,1,0,0,Austin
330,1983.0,299500.0,367.0,299500.0,2.0,2.0,2.0,0,,1,0,0,0,0,0,0,0,0,0,0,0,Austin
331,2016.0,480000.0,480.0,480000.0,1.0,1.0,1.0,0,,1,0,0,0,0,0,0,0,0,0,0,0,Austin
332,2014.0,599900.0,241.0,599900.0,4.0,3.0,2.0,1,13939.2,0,0,0,0,1,0,0,0,0,0,0,0,Austin
333,2020.0,648000.0,376.0,648000.0,3.0,3.0,2.0,1,3049.0,0,0,0,0,1,0,0,0,0,0,0,0,Austin
334,2020.0,338990.0,182.0,338990.0,4.0,2.0,2.0,0,,0,0,0,0,1,0,0,0,0,1,0,0,Austin
335,2002.0,180000.0,228.0,180000.0,1.0,1.0,1.0,0,,1,0,0,0,0,0,0,0,0,1,0,0,Austin
336,1985.0,235000.0,309.0,235000.0,1.0,1.0,1.0,0,,1,0,0,0,0,0,0,0,0,1,0,0,Austin
337,2008.0,439000.0,583.0,439000.0,1.0,1.0,1.0,0,,1,0,0,0,0,0,0,0,0,0,0,0,Austin
338,1974.0,650000.0,338.0,650000.0,3.0,2.0,2.0,0,22215.6,0,0,0,0,1,0,0,0,0,0,0,0,Austin
339,,306990.0,162.0,306990.0,3.0,3.0,2.0,1,,0,0,0,0,1,0,0,0,0,1,0,0,Austin
340,1984.0,250000.0,432.0,250000.0,1.0,1.0,1.0,0,,1,0,0,0,0,0,0,0,0,0,0,0,Austin
341,2020.0,618990.0,156.0,618990.0,4.0,3.0,3.0,0,,0,0,0,0,1,0,0,0,0,1,0,0,Austin
342,2002.0,185000.0,250.0,185000.0,1.0,1.0,1.0,0,,1,0,0,0,0,0,0,0,0,0,0,0,Austin
343,2005.0,825000.0,205.0,825000.0,4.0,4.0,3.0,1,10890.0,0,0,0,0,1,0,0,0,0,0,0,0,Austin
344,2008.0,339900.0,225.0,339900.0,2.0,3.0,2.0,1,,1,0,0,0,0,0,0,0,0,0,0,0,Austin
345,,381995.0,202.0,381995.0,3.0,3.0,2.0,1,,0,0,0,0,1,0,0,0,0,1,0,0,Austin
346,1950.0,445000.0,485.0,445000.0,2.0,1.0,1.0,0,6403.0,0,0,0,0,1,0,0,0,0,0,0,0,Austin
347,2020.0,271990.0,189.0,271990.0,3.0,2.0,2.0,0,,0,0,0,0,1,0,0,0,0,1,0,0,Austin
348,1975.0,289000.0,306.0,289000.0,3.0,1.0,1.0,0,7013.0,0,0,0,0,1,0,0,0,0,0,0,0,Austin
349,1998.0,362500.0,228.0,362500.0,3.0,3.0,2.0,1,5967.0,0,0,0,0,1,0,0,0,0,0,0,0,Austin
350,,381990.0,178.0,381990.0,4.0,4.0,3.0,1,,0,0,0,0,1,0,0,0,0,1,0,0,Austin
351,1989.0,380000.0,197.0,380000.0,4.0,3.0,2.0,1,8276.0,0,0,0,0,1,0,0,0,0,0,0,0,Austin
352,2014.0,353500.0,374.0,353500.0,1.0,1.0,1.0,0,,1,0,0,0,0,0,0,0,0,0,0,0,Austin
353,1950.0,385000.0,472.0,385000.0,2.0,1.0,1.0,0,7405.0,0,0,0,0,1,0,0,0,0,0,0,0,Austin
354,1999.0,485000.0,191.0,485000.0,3.0,2.0,2.0,0,9147.0,0,0,0,0,1,0,0,0,0,0,0,0,Austin
355,2020.0,394000.0,362.0,394000.0,1.0,1.0,1.0,0,,1,0,0,0,0,0,0,0,0,0,0,0,Austin
356,2020.0,424990.0,197.0,424990.0,4.0,3.0,2.0,1,,0,0,0,0,1,0,0,0,0,1,0,0,Austin
357,1956.0,449500.0,412.0,449500.0,3.0,1.0,1.0,0,8311.0,0,0,0,0,1,0,0,0,0,1,0,0,Austin
358,1935.0,1750000.0,632.0,1750000.0,4.0,4.0,4.0,0,6098.0,0,0,0,0,1,0,0,0,0,0,0,0,Austin
359,1950.0,270000.0,359.0,270000.0,2.0,1.0,1.0,0,4791.0,0,0,0,0,1,0,0,0,0,0,0,0,Austin
360,2007.0,869000.0,201.0,869000.0,5.0,6.0,5.0,1,10715.0,0,0,0,0,1,0,0,0,0,0,0,0,Austin
361,1983.0,450000.0,349.0,450000.0,2.0,2.0,2.0,0,,1,0,0,0,0,0,0,0,0,0,0,0,Austin
362,2001.0,360000.0,558.0,360000.0,1.0,1.0,1.0,0,,1,0,0,0,0,0,0,0,0,0,0,0,Austin
363,2020.0,286990.0,132.0,286990.0,4.0,3.0,3.0,0,,0,0,0,0,1,0,0,0,0,1,0,0,Austin
364,2016.0,525000.0,269.0,525000.0,3.0,3.0,3.0,0,8363.0,0,0,0,0,1,0,0,0,0,0,0,0,Austin
365,2020.0,475000.0,512.0,475000.0,2.0,3.0,2.0,1,,1,0,0,0,0,0,0,0,0,0,0,0,Austin
366,1974.0,615000.0,308.0,615000.0,4.0,2.0,2.0,0,20908.8,0,0,0,0,1,0,0,0,0,0,0,0,Austin
367,2003.0,875000.0,590.0,875000.0,2.0,2.0,2.0,0,,1,0,0,0,0,0,0,0,0,0,0,0,Austin
368,1962.0,249000.0,344.0,249000.0,2.0,1.0,1.0,0,,1,0,0,0,0,0,0,0,0,0,0,0,Austin
369,2008.0,639500.0,522.0,639500.0,2.0,2.0,2.0,0,,1,0,0,0,0,0,0,0,0,0,0,0,Austin
370,2020.0,2699000.0,751.0,2699000.0,4.0,4.0,3.0,1,10458.0,0,0,0,0,1,0,0,0,0,0,0,0,Austin
371,2008.0,265000.0,184.0,265000.0,3.0,2.0,2.0,0,5619.0,0,0,0,0,1,0,0,0,0,0,0,0,Austin
372,1987.0,415000.0,226.0,415000.0,3.0,2.0,2.0,0,7187.0,0,0,0,0,1,0,0,0,0,0,0,0,Austin
373,1969.0,265000.0,348.0,265000.0,1.0,1.0,1.0,0,,1,0,0,0,0,0,0,0,0,0,0,0,Austin
374,1977.0,425000.0,208.0,425000.0,3.0,3.0,2.0,1,9801.0,0,0,0,0,1,0,0,0,0,0,0,0,Austin
375,1978.0,550000.0,240.0,550000.0,3.0,3.0,2.0,1,,1,0,0,0,0,0,0,0,0,0,0,0,Austin
376,2020.0,553000.0,369.0,553000.0,2.0,3.0,2.0,1,,0,0,0,0,1,0,0,0,0,0,0,0,Austin
377,1986.0,130000.0,252.0,130000.0,1.0,1.0,1.0,0,,1,0,0,0,0,0,0,0,0,0,0,0,Austin
378,2020.0,470491.0,162.0,470491.0,5.0,4.0,3.0,1,,0,0,0,0,1,0,0,0,0,1,0,0,Austin
379,2020.0,429401.0,197.0,429401.0,3.0,3.0,2.0,1,,0,0,0,0,1,0,0,0,0,1,0,0,Austin
380,2020.0,522990.0,152.0,522990.0,3.0,3.0,2.0,1,,0,0,0,0,1,0,0,0,0,1,0,0,Austin
381,2020.0,95995.0,57.0,95995.0,3.0,2.0,2.0,0,,0,0,0,0,1,0,0,0,0,1,0,0,Austin
382,2006.0,359900.0,188.0,359900.0,4.0,3.0,2.0,1,5183.0,0,0,0,0,1,0,0,0,0,0,0,0,Austin
383,,397990.0,157.0,397990.0,5.0,4.0,4.0,0,,0,0,0,0,1,0,0,0,0,1,0,0,Austin
384,2020.0,301990.0,171.0,301990.0,3.0,3.0,2.0,1,,0,0,0,0,1,0,0,0,0,1,0,0,Austin
385,,581990.0,179.0,581990.0,4.0,3.0,3.0,0,,0,0,0,0,1,0,0,0,0,1,0,0,Austin
386,,268990.0,147.0,268990.0,4.0,2.0,2.0,0,,0,0,0,0,1,0,0,0,0,1,0,0,Austin
387,2020.0,425990.0,255.0,425990.0,3.0,3.0,2.0,1,,0,0,0,0,1,0,0,0,0,1,0,0,Austin
388,2020.0,293990.0,181.0,293990.0,4.0,2.0,2.0,0,,0,0,0,0,1,0,0,0,0,1,0,0,Austin
389,,489990.0,263.0,489990.0,2.0,3.0,2.0,1,,0,0,0,0,1,0,0,0,0,1,0,0,Austin
390,1906.0,450000.0,1136.0,450000.0,1.0,1.0,1.0,0,4168.0,0,0,0,0,1,0,0,0,0,0,0,1,Austin
391,1997.0,467777.0,161.0,467777.0,4.0,3.0,2.0,1,13068.0,0,0,0,0,1,0,0,1,0,0,0,0,Austin
392,,1150000.0,291.0,1150000.0,4.0,5.0,5.0,0,,0,0,0,0,0,1,0,0,0,1,0,0,Austin
393,2015.0,400000.0,232.0,400000.0,3.0,3.0,2.0,1,,1,0,0,0,0,0,0,0,0,0,0,0,Austin
394,,294990.0,151.0,294990.0,4.0,3.0,2.0,1,,0,0,0,0,1,0,0,0,0,1,0,0,Austin
395,2018.0,399000.0,268.0,399000.0,2.0,3.0,2.0,1,,1,0,0,0,0,0,0,0,0,0,0,0,Austin
396,2020.0,590990.0,202.0,590990.0,4.0,3.0,3.0,0,,0,0,0,0,1,0,0,0,0,1,0,0,Austin
397,2003.0,665000.0,252.0,665000.0,3.0,3.0,2.0,1,4530.0,0,0,0,0,1,0,0,0,0,0,0,0,Austin
398,1984.0,850000.0,320.0,850000.0,3.0,3.0,2.0,1,6011.0,0,0,0,0,1,0,0,0,0,0,0,0,Austin
399,2017.0,619000.0,324.0,619000.0,3.0,3.0,2.0,1,2047.0,0,0,0,0,0,1,0,0,0,0,0,0,Austin
400,2006.0,469000.0,468.0,469000.0,1.0,1.0,1.0,0,,1,0,0,0,0,0,0,0,0,0,0,0,Austin
401,2020.0,252990.0,141.0,252990.0,3.0,3.0,2.0,1,,0,0,0,0,1,0,0,0,0,1,0,0,Austin
402,2002.0,285000.0,132.0,285000.0,0.0,0.0,,0,,0,0,0,1,0,0,0,0,0,0,0,0,Austin
403,2009.0,715000.0,266.0,715000.0,4.0,3.0,2.0,1,8215.0,0,0,0,0,1,0,0,0,0,0,0,0,Austin
404,1953.0,339900.0,464.0,339900.0,2.0,1.0,1.0,0,,0,0,0,0,1,0,0,0,0,0,0,1,Austin
405,,369990.0,150.0,369990.0,4.0,3.0,2.0,1,,0,0,0,0,1,0,0,0,0,1,0,0,Austin
406,2015.0,700000.0,369.0,700000.0,3.0,3.0,2.0,1,5009.0,0,0,0,0,1,0,0,0,0,0,0,0,Austin
407,2016.0,399000.0,205.0,399000.0,3.0,3.0,2.0,1,5445.0,0,0,0,0,1,0,0,0,0,0,0,0,Austin
408,,499000.0,537.0,499000.0,2.0,3.0,2.0,1,,1,0,0,0,0,0,0,0,0,1,0,0,Austin
409,,593990.0,199.0,593990.0,4.0,3.0,3.0,0,,0,0,0,0,1,0,0,0,0,1,0,0,Austin
410,1987.0,1850000.0,332.0,1850000.0,5.0,6.0,6.0,0,38768.4,0,0,0,0,1,0,0,0,0,0,0,0,Austin
411,1963.0,715000.0,561.0,715000.0,3.0,2.0,2.0,0,8407.0,0,0,0,0,1,0,0,0,0,0,0,0,Austin
412,1997.0,419900.0,205.0,419900.0,3.0,2.0,2.0,0,8058.0,0,0,0,0,1,0,0,0,0,0,0,0,Austin
413,1979.0,419900.0,165.0,419900.0,3.0,4.0,3.0,1,11761.2,0,0,0,0,1,0,0,0,0,0,0,0,Austin
414,1962.0,360000.0,280.0,360000.0,3.0,2.0,2.0,0,9191.0,0,0,0,0,1,0,0,0,0,0,0,0,Austin
415,1999.0,514900.0,202.0,514900.0,3.0,3.0,2.0,1,6316.0,0,0,0,0,1,0,0,0,0,0,0,0,Austin
416,2018.0,499500.0,361.0,499500.0,3.0,3.0,2.0,1,,1,0,0,0,0,0,0,0,0,0,0,0,Austin
417,2004.0,1749900.0,462.0,1749900.0,5.0,5.0,4.0,1,19602.0,0,0,0,0,1,0,0,0,0,0,0,0,Austin
418,2007.0,525000.0,430.0,525000.0,2.0,2.0,2.0,0,,1,0,0,0,0,0,0,0,0,0,0,0,Austin
419,1998.0,350000.0,224.0,350000.0,3.0,3.0,2.0,1,6301.0,0,0,0,0,1,0,0,0,0,0,0,0,Austin
420,2017.0,575000.0,351.0,575000.0,2.0,3.0,2.0,1,2178.0,0,0,0,0,1,0,0,0,0,0,0,0,Austin
421,2009.0,724800.0,400.0,724800.0,3.0,3.0,2.0,1,5445.0,0,0,0,0,0,1,0,0,0,0,0,0,Austin
422,2020.0,2975000.0,1265.0,2975000.0,3.0,3.0,3.0,0,,1,0,0,0,0,0,0,0,0,0,0,0,Austin
423,2014.0,500000.0,267.0,500000.0,2.0,3.0,2.0,1,,1,0,0,0,0,0,0,0,0,0,0,0,Austin
424,1971.0,450000.0,198.0,450000.0,4.0,3.0,3.0,0,9104.0,0,0,0,0,1,0,0,0,0,0,0,0,Austin
425,2006.0,599900.0,438.0,599900.0,2.0,2.0,2.0,0,,1,0,0,0,0,0,0,0,0,0,0,0,Austin
426,2020.0,378800.0,338.0,378800.0,2.0,2.0,2.0,0,,1,0,0,0,0,0,0,0,0,0,0,0,Austin
427,2020.0,344990.0,164.0,344990.0,4.0,3.0,2.0,1,,0,0,0,0,1,0,0,0,0,1,0,0,Austin
428,2020.0,571990.0,143.0,571990.0,4.0,4.0,3.0,1,,0,0,0,0,1,0,0,0,0,1,0,0,Austin
429,1938.0,515000.0,278.0,515000.0,4.0,2.0,2.0,0,,0,0,0,1,0,0,0,0,0,0,0,0,Austin
430,,299995.0,124.0,299995.0,3.0,3.0,2.0,1,,0,0,0,0,1,0,0,0,0,1,0,0,Austin
431,2005.0,995000.0,509.0,995000.0,2.0,3.0,2.0,1,,1,0,0,0,0,0,0,0,0,0,0,0,Austin
432,2006.0,2950000.0,564.0,2950000.0,5.0,5.0,4.0,1,13939.2,0,0,0,0,1,0,0,0,0,0,0,0,Austin
433,2020.0,217990.0,161.0,217990.0,3.0,3.0,2.0,1,,0,0,0,0,0,1,0,0,0,1,0,0,Austin
434,,463990.0,240.0,463990.0,4.0,3.0,3.0,0,,0,0,0,0,1,0,0,0,0,1,0,0,Austin
435,2002.0,475000.0,233.0,475000.0,3.0,3.0,2.0,1,5488.0,0,0,0,0,1,0,0,0,0,0,0,0,Austin
436,2020.0,387990.0,248.0,387990.0,3.0,3.0,2.0,1,,0,0,0,0,1,0,0,0,0,1,0,0,Austin
437,2020.0,735000.0,299.0,735000.0,3.0,4.0,3.0,1,,0,0,0,0,0,1,0,0,0,1,0,0,Austin
438,,367400.0,168.0,367400.0,4.0,3.0,2.0,1,,0,0,0,0,1,0,0,0,0,1,0,0,Austin
439,2020.0,1103089.0,395.0,1103089.0,3.0,4.0,3.0,1,,1,0,0,0,0,0,0,0,0,0,0,0,Austin
440,2020.0,756000.0,355.0,756000.0,4.0,4.0,3.0,1,3484.0,0,0,0,0,1,0,0,0,0,0,0,0,Austin
441,2020.0,684000.0,370.0,684000.0,3.0,3.0,2.0,1,3049.0,0,0,0,0,1,0,0,0,0,0,0,0,Austin
442,2020.0,567990.0,195.0,567990.0,4.0,4.0,3.0,1,,0,0,0,0,1,0,0,0,0,1,0,0,Austin
443,2020.0,331990.0,146.0,331990.0,4.0,3.0,2.0,1,,0,0,0,0,1,0,0,0,0,1,0,0,Austin
444,2020.0,452990.0,245.0,452990.0,4.0,3.0,3.0,0,,0,0,0,0,1,0,0,0,0,1,0,0,Austin
445,2020.0,1395000.0,501.0,1395000.0,4.0,4.0,3.0,1,7078.0,0,0,0,0,1,0,0,0,0,0,0,0,Austin
446,2007.0,389990.0,296.0,389990.0,2.0,2.0,2.0,0,2787.0,0,0,0,0,1,0,0,0,0,0,0,0,Austin
447,2007.0,519000.0,440.0,519000.0,2.0,2.0,2.0,0,,1,0,0,0,0,0,0,0,0,0,0,0,Austin
448,2020.0,415995.0,165.0,415995.0,3.0,3.0,2.0,1,,0,0,0,0,1,0,0,0,0,1,0,0,Austin
449,1981.0,305000.0,324.0,305000.0,2.0,3.0,2.0,1,,1,0,0,0,0,0,0,0,0,0,0,0,Austin
450,2008.0,1850000.0,563.0,1850000.0,4.0,5.0,4.0,1,7884.0,0,0,0,0,1,0,0,0,0,0,0,0,Austin
451,2019.0,400000.0,243.0,400000.0,3.0,2.0,2.0,0,7840.0,0,0,0,0,1,0,0,0,0,0,0,0,Austin
452,2018.0,1490000.0,663.0,1490000.0,3.0,3.0,2.0,1,,1,0,0,0,0,0,0,0,0,0,0,0,Austin
453,1935.0,2595000.0,676.0,2595000.0,5.0,4.0,4.0,0,11761.2,0,0,0,0,1,0,0,0,0,0,0,0,Austin
454,1985.0,470000.0,189.0,470000.0,4.0,3.0,2.0,1,12196.8,0,0,0,0,1,0,0,0,0,0,0,0,Austin
455,1981.0,290000.0,312.0,290000.0,2.0,2.0,2.0,0,,1,0,0,0,0,0,0,0,0,0,0,0,Austin
456,,532990.0,155.0,532990.0,3.0,3.0,2.0,1,,0,0,0,0,1,0,0,0,0,1,0,0,Austin
457,1938.0,399000.0,386.0,399000.0,2.0,2.0,2.0,0,9234.0,0,0,0,0,1,0,0,0,0,0,0,0,Austin
458,2020.0,449990.0,266.0,449990.0,3.0,3.0,2.0,1,,0,0,0,0,1,0,0,0,0,1,0,0,Austin
459,1986.0,4650000.0,696.0,4650000.0,6.0,7.0,5.0,2,76665.6,0,0,0,0,1,0,0,0,0,0,0,0,Austin
460,2018.0,990000.0,907.0,990000.0,1.0,2.0,1.0,1,,1,0,0,0,0,0,0,0,0,0,0,0,Austin
461,,244990.0,193.0,244990.0,3.0,3.0,2.0,1,,0,0,0,0,0,1,0,0,0,1,0,0,Austin
462,1985.0,270000.0,300.0,270000.0,2.0,2.0,2.0,0,,1,0,0,0,0,0,0,0,0,0,0,0,Austin
463,,592990.0,177.0,592990.0,4.0,3.0,3.0,0,,0,0,0,0,1,0,0,0,0,1,0,0,Austin
464,,550990.0,212.0,550990.0,4.0,3.0,3.0,0,,0,0,0,0,1,0,0,0,0,1,0,0,Austin
465,2020.0,303990.0,223.0,303990.0,3.0,2.0,2.0,0,,0,0,0,0,1,0,0,0,0,1,0,0,Austin
466,2020.0,319990.0,156.0,319990.0,3.0,3.0,2.0,1,,0,0,0,0,1,0,0,0,0,1,0,0,Austin
467,2020.0,1230000.0,376.0,1230000.0,3.0,4.0,3.0,1,,0,0,0,0,1,0,0,0,0,1,0,0,Austin
468,2020.0,535990.0,209.0,535990.0,4.0,3.0,2.0,1,,0,0,0,0,1,0,0,0,0,1,0,0,Austin
469,2007.0,750000.0,329.0,750000.0,4.0,3.0,2.0,1,3310.0,0,0,0,0,1,0,0,0,0,0,0,0,Austin
470,2020.0,425400.0,204.0,425400.0,3.0,2.0,2.0,0,,0,0,0,0,1,0,0,0,0,1,0,0,Austin
471,,625990.0,193.0,625990.0,4.0,3.0,3.0,0,,0,0,0,0,1,0,0,0,0,1,0,0,Austin
472,2020.0,675000.0,361.0,675000.0,2.0,3.0,2.0,1,11761.2,0,0,0,0,1,0,0,0,0,0,0,0,Austin
473,1977.0,404290.0,256.0,404290.0,3.0,2.0,2.0,0,7405.0,0,0,0,0,1,0,0,0,0,0,0,0,Austin
474,1953.0,715000.0,302.0,715000.0,3.0,2.0,2.0,0,6534.0,0,0,0,0,1,0,0,0,0,1,0,0,Austin
475,2020.0,700000.0,389.0,700000.0,3.0,3.0,2.0,1,,1,0,0,0,0,0,0,0,0,0,0,0,Austin
476,2020.0,412990.0,230.0,412990.0,3.0,3.0,2.0,1,,0,0,0,0,1,0,0,0,0,1,0,0,Austin
477,1955.0,380000.0,237.0,380000.0,4.0,2.0,2.0,0,7056.0,0,0,0,0,1,0,0,0,0,0,0,0,Austin
478,2020.0,568990.0,195.0,568990.0,4.0,4.0,3.0,1,,0,0,0,0,1,0,0,0,0,1,0,0,Austin
479,2002.0,227500.0,191.0,227500.0,3.0,2.0,2.0,0,,1,0,0,0,0,0,0,0,0,0,0,0,Austin
480,2020.0,388990.0,192.0,388990.0,4.0,3.0,3.0,0,,0,0,0,0,1,0,0,0,0,1,0,0,Austin
481,1993.0,345000.0,348.0,345000.0,2.0,2.0,2.0,0,,1,0,0,0,0,0,0,0,0,0,0,0,Austin
482,1990.0,432500.0,197.0,432500.0,3.0,3.0,2.0,1,5619.0,0,0,0,0,1,0,0,0,0,0,0,0,Austin
483,1950.0,900000.0,915.0,900000.0,2.0,1.0,1.0,0,6229.0,0,0,0,0,1,0,0,0,0,0,0,0,Austin
484,2001.0,325000.0,131.0,325000.0,3.0,3.0,2.0,1,10236.0,0,0,0,0,1,0,0,0,0,0,0,0,Austin
485,2020.0,589000.0,335.0,589000.0,2.0,2.0,2.0,0,,1,0,0,0,0,0,0,0,0,0,0,0,Austin
486,2016.0,659000.0,355.0,659000.0,2.0,3.0,2.0,1,,1,0,0,0,0,0,0,0,0,0,0,0,Austin
487,1952.0,1495000.0,527.0,1495000.0,4.0,3.0,3.0,0,14810.4,0,0,0,0,1,0,0,0,0,0,0,0,Austin
488,,284995.0,151.0,284995.0,4.0,2.0,2.0,0,,0,0,0,0,1,0,0,0,0,1,0,0,Austin
489,2020.0,264990.0,143.0,264990.0,4.0,2.0,2.0,0,,0,0,0,0,0,1,0,0,0,1,0,0,Austin
490,2020.0,85995.0,55.0,85995.0,4.0,2.0,2.0,0,,0,0,0,0,1,0,0,0,0,1,0,0,Austin
491,,311990.0,161.0,311990.0,3.0,3.0,2.0,1,,0,0,0,0,1,0,0,0,0,1,0,0,Austin
492,2020.0,253990.0,150.0,253990.0,4.0,2.0,2.0,0,,0,0,0,0,1,0,0,0,0,1,0,0,Austin
493,1999.0,398999.0,346.0,398999.0,3.0,2.0,2.0,0,10410.0,0,0,0,0,1,0,0,0,0,0,0,0,Austin
494,,321990.0,171.0,321990.0,3.0,3.0,2.0,1,,0,0,0,0,1,0,0,0,0,1,0,0,Austin
495,,275990.0,218.0,275990.0,3.0,2.0,2.0,0,,0,0,0,0,1,0,0,0,0,1,0,0,Austin
496,2020.0,598990.0,230.0,598990.0,4.0,3.0,3.0,0,,0,0,0,0,1,0,0,0,0,1,0,0,Austin
497,1972.0,400000.0,245.0,400000.0,3.0,2.0,2.0,0,10345.0,0,0,0,0,1,0,0,0,0,0,0,0,Austin
498,2020.0,442400.0,173.0,442400.0,3.0,2.0,2.0,0,,0,0,0,0,1,0,0,0,0,1,0,0,Austin
499,2020.0,381995.0,232.0,381995.0,3.0,2.0,2.0,0,,0,0,0,0,1,0,0,0,0,1,0,0,Austin
500,1984.0,202000.0,191.0,202000.0,2.0,3.0,2.0,1,,1,0,0,0,0,0,0,0,0,0,0,0,Austin
501,,318990.0,218.0,318990.0,3.0,2.0,2.0,0,,0,0,0,0,1,0,0,0,0,1,0,0,Austin
502,1972.0,446990.0,228.0,446990.0,3.0,2.0,2.0,0,25700.4,0,0,0,0,1,0,0,0,0,0,0,0,Austin
503,2020.0,449990.0,241.0,449990.0,3.0,3.0,3.0,0,,0,0,0,0,1,0,0,0,0,1,0,0,Austin
504,2020.0,288995.0,129.0,288995.0,3.0,3.0,2.0,1,,0,0,0,0,1,0,0,0,0,1,0,0,Austin
505,,379990.0,190.0,379990.0,4.0,3.0,2.0,1,,0,0,0,0,1,0,0,0,0,1,0,0,Austin
506,,274590.0,217.0,274590.0,3.0,2.0,2.0,0,,0,0,0,0,1,0,0,0,0,1,0,0,Austin
507,2020.0,269000.0,381.0,269000.0,1.0,1.0,1.0,0,,0,0,0,0,1,0,0,0,0,0,0,0,Austin
508,2015.0,420000.0,337.0,420000.0,3.0,3.0,2.0,1,,1,0,0,0,0,0,0,0,0,0,0,0,Austin
509,1940.0,1975000.0,573.0,1975000.0,4.0,4.0,3.0,1,17859.6,0,0,0,0,1,0,0,0,0,0,0,0,Austin
510,2008.0,3975000.0,1221.0,3975000.0,3.0,3.0,3.0,0,,1,0,0,0,0,0,0,0,0,0,0,0,Austin
511,1996.0,649900.0,349.0,649900.0,3.0,2.0,2.0,0,5227.0,0,0,0,0,1,0,0,0,0,0,0,0,Austin
512,2020.0,469990.0,427.0,469990.0,2.0,2.0,2.0,0,8494.0,0,0,0,0,1,0,0,0,0,0,0,0,Austin
513,,328990.0,194.0,328990.0,4.0,2.0,2.0,0,,0,0,0,0,1,0,0,0,0,1,0,0,Austin
514,2020.0,603990.0,125.0,603990.0,4.0,5.0,4.0,1,,0,0,0,0,1,0,0,0,0,1,0,0,Austin
515,2020.0,85995.0,55.0,85995.0,4.0,2.0,2.0,0,,0,0,0,0,1,0,0,0,0,1,0,0,Austin
516,,243990.0,161.0,243990.0,3.0,2.0,2.0,0,,0,0,0,0,1,0,0,0,0,1,0,0,Austin
517,,453900.0,154.0,453900.0,3.0,3.0,2.0,1,,0,0,0,0,1,0,0,0,0,1,0,0,Austin
518,,284990.0,198.0,284990.0,3.0,2.0,2.0,0,,0,0,0,0,1,0,0,0,0,1,0,0,Austin
519,2020.0,316990.0,190.0,316990.0,3.0,2.0,2.0,0,,0,0,0,0,1,0,0,0,0,1,0,0,Austin
520,2020.0,259990.0,146.0,259990.0,3.0,3.0,2.0,1,,0,0,0,0,1,0,0,0,0,1,0,0,Austin
521,2020.0,370990.0,211.0,370990.0,3.0,3.0,2.0,1,,0,0,0,0,1,0,0,0,0,1,0,0,Austin
522,2020.0,386995.0,205.0,386995.0,4.0,2.0,2.0,0,,0,0,0,0,1,0,0,0,0,1,0,0,Austin
523,,299000.0,443.0,299000.0,1.0,1.0,1.0,0,,0,0,0,0,1,0,0,0,0,0,0,0,Austin
524,1972.0,325000.0,258.0,325000.0,3.0,2.0,2.0,0,8363.0,0,0,0,0,1,0,0,0,0,0,0,0,Austin
525,1982.0,269900.0,187.0,269900.0,2.0,3.0,2.0,1,1655.0,0,0,0,0,0,1,0,0,0,0,0,0,Austin
526,,280995.0,138.0,280995.0,3.0,3.0,2.0,1,,0,0,0,0,1,0,0,0,0,1,0,0,Austin
527,,551990.0,212.0,551990.0,4.0,3.0,3.0,0,,0,0,0,0,1,0,0,0,0,1,0,0,Austin
528,2013.0,439000.0,582.0,439000.0,1.0,1.0,1.0,0,,1,0,0,0,0,0,0,0,0,0,0,0,Austin
529,1970.0,699900.0,368.0,699900.0,0.0,0.0,,0,,0,0,0,1,0,0,0,0,0,0,0,0,Austin
530,2020.0,236990.0,170.0,236990.0,3.0,2.0,2.0,0,,0,0,0,0,1,0,0,0,0,1,0,0,Austin
531,2020.0,418400.0,189.0,418400.0,3.0,3.0,2.0,1,,0,0,0,0,1,0,0,0,0,1,0,0,Austin
532,1981.0,382000.0,248.0,382000.0,4.0,2.0,2.0,0,,1,0,0,0,0,0,0,0,0,0,0,0,Austin
533,2020.0,265990.0,148.0,265990.0,4.0,2.0,2.0,0,,0,0,0,0,1,0,0,0,0,1,0,0,Austin
534,,5266800.0,1400.0,5266800.0,4.0,3.0,3.0,0,,1,0,0,0,0,0,0,0,0,1,0,0,Austin
535,1986.0,179500.0,312.0,179500.0,1.0,1.0,1.0,0,,1,0,0,0,0,0,0,0,0,0,0,0,Austin
536,1970.0,559000.0,250.0,559000.0,5.0,3.0,2.0,1,8102.0,0,0,0,0,1,0,0,0,0,0,0,0,Austin
537,1979.0,635000.0,292.0,635000.0,4.0,3.0,2.0,1,22215.6,0,0,0,0,1,0,0,0,0,0,0,0,Austin
538,2020.0,394990.0,158.0,394990.0,4.0,3.0,3.0,0,,0,0,0,0,1,0,0,0,0,1,0,0,Austin
539,2020.0,310990.0,114.0,310990.0,5.0,3.0,3.0,0,,0,0,0,0,1,0,0,0,0,1,0,0,Austin
540,2018.0,1345000.0,640.0,1345000.0,3.0,3.0,2.0,1,6272.0,0,0,0,0,1,0,0,0,0,0,0,0,Austin
541,2014.0,695000.0,326.0,695000.0,3.0,3.0,2.0,1,,1,0,0,0,0,0,0,0,0,0,0,0,Austin
542,2002.0,205000.0,218.0,205000.0,2.0,1.0,1.0,0,,1,0,0,0,0,0,0,0,0,0,0,0,Austin
543,2017.0,474598.0,408.0,474598.0,2.0,2.0,1.0,1,,1,0,0,0,0,0,0,0,0,0,0,0,Austin
544,,532000.0,387.0,532000.0,2.0,3.0,2.0,1,3837.0,0,0,0,0,1,0,0,0,0,0,0,0,Austin
545,2014.0,999444.0,237.0,999444.0,4.0,3.0,3.0,0,18295.2,0,0,0,0,1,0,0,0,0,0,0,0,Austin
546,2020.0,356990.0,154.0,356990.0,4.0,3.0,3.0,0,,0,0,0,0,1,0,0,0,0,1,0,0,Austin
547,2008.0,3495000.0,434.0,3495000.0,7.0,7.0,,0,108900.0,0,0,0,0,1,0,0,0,0,0,0,0,Austin
548,1985.0,222500.0,275.0,222500.0,2.0,2.0,2.0,0,,1,0,0,0,0,0,0,0,0,0,0,0,Austin
549,2020.0,755000.0,388.0,755000.0,3.0,3.0,3.0,0,4791.0,0,0,0,0,1,0,0,0,0,0,0,0,Austin
550,2020.0,799000.0,313.0,799000.0,3.0,3.0,2.0,1,8494.0,0,0,0,0,1,0,0,0,0,0,0,0,Austin
551,2014.0,245000.0,260.0,245000.0,1.0,2.0,1.0,1,,1,0,0,0,0,0,0,0,0,0,0,0,Austin
552,1973.0,258000.0,532.0,258000.0,1.0,1.0,1.0,0,,1,0,0,0,0,0,0,0,0,0,0,0,Austin
553,1985.0,575000.0,251.0,575000.0,3.0,4.0,3.0,1,5314.0,0,0,0,0,1,0,0,0,0,0,0,0,Austin
554,1966.0,450000.0,317.0,450000.0,3.0,2.0,2.0,0,8450.0,0,0,0,0,1,0,0,0,0,0,0,0,Austin
555,1960.0,349000.0,415.0,349000.0,3.0,1.0,1.0,0,6098.0,0,0,0,0,1,0,0,0,0,0,0,0,Austin
556,2020.0,300434.0,182.0,300434.0,3.0,2.0,2.0,0,,0,0,0,0,1,0,0,0,0,1,0,0,Austin
557,2020.0,321241.0,143.0,321241.0,3.0,3.0,2.0,1,,0,0,0,0,1,0,0,0,0,1,0,0,Austin
558,,270990.0,127.0,270990.0,4.0,2.0,2.0,0,,0,0,0,0,0,1,0,0,0,1,0,0,Austin
559,1955.0,465000.0,395.0,465000.0,3.0,1.0,1.0,0,4560.0,0,0,0,0,1,0,0,0,0,0,0,0,Austin
560,,469990.0,233.0,469990.0,3.0,3.0,2.0,1,,0,0,0,0,1,0,0,0,0,1,0,0,Austin
561,,625000.0,323.0,625000.0,2.0,4.0,3.0,1,,0,0,0,0,0,1,0,0,0,1,0,0,Austin
562,1994.0,2400000.0,476.0,2400000.0,3.0,5.0,4.0,1,50965.2,0,0,0,0,1,0,0,0,0,0,0,0,Austin
563,1953.0,499999.0,333.0,499999.0,3.0,2.0,2.0,0,9016.0,0,0,0,0,1,0,0,0,0,0,0,0,Austin
564,2006.0,265000.0,369.0,265000.0,2.0,1.0,1.0,0,,1,0,0,0,0,0,0,0,0,0,0,0,Austin
565,2020.0,2500000.0,776.0,2500000.0,4.0,4.0,4.0,0,8241.0,0,0,0,0,1,0,0,0,0,0,0,0,Austin
566,2000.0,225000.0,171.0,225000.0,2.0,3.0,2.0,1,,1,0,0,0,0,0,0,0,0,0,0,0,Austin
567,2020.0,499000.0,241.0,499000.0,3.0,2.0,2.0,0,7666.0,0,0,0,0,1,0,0,0,0,0,0,0,Austin
568,1981.0,417750.0,239.0,417750.0,3.0,3.0,2.0,1,8402.0,0,0,0,0,1,0,0,0,0,0,0,0,Austin
569,1985.0,689000.0,293.0,689000.0,2.0,3.0,2.0,1,,1,0,0,0,0,0,0,0,0,0,0,0,Austin
570,,305990.0,115.0,305990.0,4.0,3.0,3.0,0,,0,0,0,0,1,0,0,0,0,1,0,0,Austin
571,2020.0,456900.0,176.0,456900.0,3.0,3.0,2.0,1,,0,0,0,0,1,0,0,0,0,1,0,0,Austin
572,1979.0,280000.0,253.0,280000.0,3.0,2.0,2.0,0,,1,0,0,0,0,0,0,0,0,0,0,0,Austin
573,1969.0,299000.0,344.0,299000.0,2.0,1.0,1.0,0,,1,0,0,0,0,0,0,0,0,0,0,0,Austin
574,2016.0,689000.0,370.0,689000.0,3.0,3.0,3.0,0,,1,0,0,0,0,0,0,0,0,0,0,0,Austin
575,2012.0,1495000.0,599.0,1495000.0,3.0,3.0,3.0,0,4573.0,0,0,0,0,1,0,0,0,0,0,0,0,Austin
576,2018.0,349900.0,185.0,349900.0,3.0,3.0,2.0,1,5972.0,0,0,0,0,1,0,0,0,0,0,0,0,Austin
577,2020.0,3350000.0,675.0,3350000.0,4.0,5.0,4.0,1,159865.2,0,0,0,0,1,0,0,0,0,0,0,0,Austin
578,1968.0,399900.0,190.0,399900.0,4.0,3.0,2.0,1,10018.0,0,0,0,0,1,0,0,0,0,0,0,0,Austin
579,1990.0,1750000.0,348.0,1750000.0,4.0,5.0,4.0,1,135471.6,0,0,0,0,1,0,0,0,0,0,0,0,Austin
580,2014.0,679000.0,307.0,679000.0,3.0,4.0,3.0,1,2613.0,0,0,0,0,0,1,0,0,0,0,0,0,Austin
581,1941.0,965000.0,378.0,965000.0,4.0,3.0,3.0,0,7013.0,0,0,0,0,1,0,0,0,0,0,0,0,Austin
582,2020.0,1795000.0,601.0,1795000.0,3.0,4.0,3.0,1,8015.0,0,0,0,0,1,0,0,0,0,0,0,0,Austin
583,2015.0,675000.0,420.0,675000.0,3.0,2.0,2.0,0,,1,0,0,0,0,0,0,0,0,0,0,0,Austin
584,2015.0,465000.0,577.0,465000.0,1.0,1.0,1.0,0,,1,0,0,0,0,0,0,0,0,0,0,0,Austin
585,1996.0,510000.0,248.0,510000.0,4.0,2.0,2.0,0,12632.4,0,0,0,0,1,0,0,0,0,0,0,0,Austin
586,1973.0,1550000.0,524.0,1550000.0,4.0,2.0,2.0,0,21344.4,0,0,0,0,1,0,0,0,0,0,0,0,Austin
587,1957.0,1475000.0,551.0,1475000.0,4.0,2.0,2.0,0,14374.8,0,0,0,0,1,0,0,0,0,0,0,0,Austin
588,1980.0,220000.0,318.0,220000.0,1.0,1.0,1.0,0,,1,0,0,0,0,0,0,0,0,0,0,0,Austin
589,1985.0,725000.0,309.0,725000.0,3.0,3.0,2.0,1,8886.0,0,0,0,0,1,0,0,0,0,0,0,0,Austin
590,1954.0,450000.0,238.0,450000.0,3.0,3.0,2.0,1,8450.0,0,0,0,0,1,0,0,0,0,0,0,0,Austin
591,2004.0,429500.0,161.0,429500.0,3.0,3.0,3.0,0,,1,0,0,0,0,0,0,0,0,0,0,0,Austin
592,2018.0,435000.0,318.0,435000.0,2.0,2.0,2.0,0,,1,0,0,0,0,0,0,0,0,0,0,0,Austin
593,,537990.0,152.0,537990.0,5.0,5.0,4.0,1,,0,0,0,0,1,0,0,0,0,1,0,0,Austin
594,2018.0,610000.0,315.0,610000.0,4.0,3.0,3.0,0,1219.0,0,0,0,0,0,1,0,0,0,0,0,0,Austin
595,2008.0,349900.0,222.0,349900.0,2.0,3.0,2.0,1,,1,0,0,0,0,0,0,0,0,0,0,0,Austin
596,2019.0,290999.0,390.0,290999.0,1.0,1.0,1.0,0,,1,0,0,0,0,0,0,0,0,0,0,0,Austin
597,2020.0,275990.0,136.0,275990.0,4.0,2.0,2.0,0,,0,0,0,0,1,0,0,0,0,1,0,0,Austin
598,2020.0,300990.0,113.0,300990.0,4.0,3.0,3.0,0,,0,0,0,0,1,0,0,0,0,1,0,0,Austin
599,2020.0,439000.0,410.0,439000.0,2.0,2.0,2.0,0,7535.0,0,0,0,0,1,0,0,0,0,0,0,0,Austin
600,2020.0,549000.0,337.0,549000.0,3.0,3.0,2.0,1,7535.0,0,0,0,0,1,0,0,0,0,0,0,0,Austin
601,,557990.0,200.0,557990.0,4.0,3.0,3.0,0,,0,0,0,0,1,0,0,0,0,1,0,0,Austin
602,2020.0,479990.0,214.0,479990.0,3.0,3.0,2.0,1,,0,0,0,0,1,0,0,0,0,1,0,0,Austin
603,,323990.0,144.0,323990.0,4.0,3.0,2.0,1,,0,0,0,0,1,0,0,0,0,1,0,0,Austin
604,2020.0,389567.0,225.0,389567.0,3.0,3.0,2.0,1,,0,0,0,0,0,1,0,0,0,0,0,0,Austin
605,1979.0,350000.0,292.0,350000.0,2.0,2.0,2.0,0,7021.0,0,0,0,0,1,0,0,0,0,0,0,0,Austin
606,2013.0,600000.0,377.0,600000.0,3.0,3.0,2.0,1,,1,0,0,0,0,0,0,0,0,0,0,0,Austin
607,1970.0,560000.0,458.0,560000.0,3.0,2.0,2.0,0,101930.4,0,0,0,0,1,0,0,0,0,0,0,0,Austin
608,2008.0,370000.0,429.0,370000.0,1.0,1.0,1.0,0,,1,0,0,0,0,0,0,0,0,0,0,0,Austin
609,2015.0,495000.0,343.0,495000.0,3.0,3.0,2.0,1,1219.0,0,0,0,0,0,1,0,0,0,0,0,0,Austin
610,2016.0,385000.0,419.0,385000.0,1.0,2.0,1.0,1,,1,0,0,0,0,0,0,0,0,0,0,0,Austin
611,1985.0,339000.0,249.0,339000.0,2.0,2.0,2.0,0,,1,0,0,0,0,0,0,0,0,0,0,0,Austin
612,2003.0,1399900.0,325.0,1399900.0,3.0,3.0,3.0,0,9626.0,0,0,0,0,1,0,0,0,0,0,0,0,Austin
613,1999.0,1720000.0,366.0,1720000.0,4.0,4.0,3.0,1,30927.6,0,0,0,0,1,0,0,0,0,0,0,0,Austin
614,2000.0,420000.0,144.0,420000.0,5.0,3.0,3.0,0,6664.0,0,0,0,0,1,0,0,0,0,0,0,0,Austin
615,2020.0,929900.0,408.0,929900.0,4.0,3.0,2.0,1,5357.0,0,0,0,0,1,0,0,0,0,0,0,0,Austin
616,2002.0,360000.0,196.0,360000.0,3.0,2.0,2.0,0,8276.0,0,0,0,0,1,0,0,0,0,0,0,0,Austin
617,1979.0,417950.0,204.0,417950.0,3.0,3.0,2.0,1,7230.0,0,0,0,0,1,0,0,0,0,0,0,0,Austin
618,1974.0,425000.0,227.0,425000.0,3.0,2.0,2.0,0,8973.0,0,0,0,0,1,0,0,0,0,0,0,0,Austin
619,2020.0,700000.0,463.0,700000.0,3.0,4.0,2.0,2,7492.0,0,0,0,0,1,0,0,0,0,0,0,0,Austin
620,2020.0,700000.0,463.0,700000.0,3.0,4.0,2.0,2,7492.0,0,0,0,0,1,0,0,0,0,0,0,0,Austin
621,2018.0,1995000.0,757.0,1995000.0,3.0,3.0,2.0,1,,1,0,0,0,0,0,0,0,0,0,0,0,Austin
622,1976.0,349900.0,264.0,349900.0,3.0,2.0,2.0,0,,1,0,0,0,0,0,0,0,0,0,0,0,Austin
623,,296990.0,196.0,296990.0,3.0,2.0,2.0,0,,0,0,0,0,1,0,0,0,0,1,0,0,Austin
624,,522990.0,165.0,522990.0,4.0,4.0,3.0,1,,0,0,0,0,1,0,0,0,0,1,0,0,Austin
625,1968.0,374500.0,520.0,374500.0,2.0,1.0,1.0,0,6272.0,0,0,0,0,1,0,0,0,0,0,0,0,Austin
626,1968.0,220000.0,271.0,220000.0,1.0,2.0,1.0,1,,1,0,0,0,0,0,0,0,0,0,0,0,Austin
627,2020.0,374995.0,236.0,374995.0,3.0,2.0,2.0,0,,0,0,0,0,1,0,0,0,0,1,0,0,Austin
628,2020.0,389000.0,389.0,389000.0,2.0,2.0,2.0,0,,1,0,0,0,0,0,0,0,0,0,0,0,Austin
629,1986.0,780000.0,300.0,780000.0,4.0,3.0,3.0,0,30056.4,0,0,0,0,1,0,0,0,0,0,0,0,Austin
630,1960.0,475000.0,377.0,475000.0,3.0,2.0,2.0,0,8537.0,0,0,0,0,1,0,0,0,0,0,0,0,Austin
631,1928.0,850000.0,379.0,850000.0,3.0,2.0,2.0,0,6577.0,0,0,0,0,1,0,0,0,0,0,0,1,Austin
632,1973.0,470000.0,331.0,470000.0,3.0,2.0,2.0,0,6751.0,0,0,0,0,1,0,0,0,0,0,0,0,Austin
633,1985.0,249000.0,356.0,249000.0,1.0,1.0,1.0,0,,1,0,0,0,0,0,0,0,0,0,0,0,Austin
634,2008.0,950000.0,742.0,950000.0,2.0,2.0,2.0,0,,1,0,0,0,0,0,0,0,0,0,0,0,Austin
635,2020.0,1400000.0,463.0,1400000.0,0.0,0.0,,0,,0,0,0,1,0,0,0,0,0,0,0,0,Austin
636,1995.0,329900.0,241.0,329900.0,3.0,2.0,2.0,0,7797.0,0,0,0,0,1,0,0,0,0,0,0,0,Austin
637,1980.0,375000.0,264.0,375000.0,3.0,2.0,2.0,0,7753.0,0,0,0,0,1,0,0,0,0,0,0,0,Austin
638,2020.0,303995.0,122.0,303995.0,4.0,3.0,2.0,1,,0,0,0,0,1,0,0,0,0,1,0,0,Austin
639,1962.0,399000.0,405.0,399000.0,3.0,1.0,1.0,0,7405.0,0,0,0,0,1,0,0,0,0,0,0,0,Austin
640,2018.0,1550000.0,881.0,1550000.0,2.0,3.0,2.0,1,,1,0,0,0,0,0,0,0,0,0,0,0,Austin
641,2020.0,725000.0,278.0,725000.0,3.0,5.0,4.0,1,,0,0,0,0,0,1,0,0,0,1,0,0,Austin
642,2019.0,569000.0,216.0,569000.0,3.0,3.0,2.0,1,10890.0,0,0,0,0,1,0,0,0,0,0,0,0,Austin
643,,384990.0,259.0,384990.0,3.0,3.0,2.0,1,,0,0,0,0,1,0,0,0,0,1,0,0,Austin
644,,288990.0,172.0,288990.0,4.0,3.0,2.0,1,,0,0,0,0,1,0,0,0,0,1,0,0,Austin
645,1992.0,900000.0,245.0,900000.0,4.0,4.0,3.0,1,21780.0,0,0,0,0,1,0,0,0,0,0,0,0,Austin
646,,604990.0,217.0,604990.0,4.0,3.0,3.0,0,,0,0,0,0,1,0,0,0,0,1,0,0,Austin
647,2020.0,375178.0,164.0,375178.0,4.0,3.0,3.0,0,7187.0,0,0,0,0,1,0,0,0,0,0,0,0,Austin
648,2016.0,749000.0,463.0,749000.0,3.0,2.0,2.0,0,,1,0,0,0,0,0,0,0,0,0,0,0,Austin
649,1981.0,585000.0,260.0,585000.0,4.0,3.0,3.0,0,8842.0,0,0,0,0,1,0,0,0,0,0,0,0,Austin
650,2020.0,1350000.0,540.0,1350000.0,4.0,4.0,3.0,1,3188.0,0,0,0,0,1,0,0,0,0,0,0,0,Austin
651,2006.0,669000.0,437.0,669000.0,3.0,2.0,2.0,0,3659.0,0,0,0,0,1,0,0,0,0,0,0,0,Austin
652,2013.0,739900.0,347.0,739900.0,3.0,3.0,2.0,1,,1,0,0,0,0,0,0,0,0,1,0,0,Austin
653,1947.0,1799900.0,665.0,1799900.0,3.0,3.0,2.0,1,6882.0,0,0,0,0,1,0,0,0,0,0,0,0,Austin
654,2020.0,649000.0,341.0,649000.0,4.0,3.0,3.0,0,6969.0,0,0,0,0,1,0,0,0,0,0,0,0,Austin
655,1969.0,263000.0,346.0,263000.0,1.0,1.0,1.0,0,,1,0,0,0,0,0,0,0,0,0,0,0,Austin
656,2010.0,1099000.0,550.0,1099000.0,3.0,3.0,3.0,0,,1,0,0,0,0,0,0,0,0,0,0,0,Austin
657,2013.0,519900.0,510.0,519900.0,2.0,2.0,2.0,0,,1,0,0,0,0,0,0,0,0,0,0,0,Austin
658,2020.0,629990.0,215.0,629990.0,4.0,3.0,3.0,0,,0,0,0,0,1,0,0,0,0,1,0,0,Austin
659,2020.0,367995.0,243.0,367995.0,3.0,2.0,2.0,0,,0,0,0,0,1,0,0,0,0,1,0,0,Austin
660,1981.0,315000.0,322.0,315000.0,2.0,2.0,2.0,0,,1,0,0,0,0,0,0,0,0,0,0,0,Austin
661,2016.0,1695000.0,694.0,1695000.0,4.0,3.0,2.0,1,5793.0,0,0,0,0,1,0,0,0,0,0,0,0,Austin
662,2017.0,520000.0,381.0,520000.0,3.0,2.0,2.0,0,,1,0,0,0,0,0,0,0,0,0,0,0,Austin
663,1983.0,864000.0,593.0,864000.0,3.0,2.0,2.0,0,6712.0,0,0,0,0,1,0,0,0,0,0,0,0,Austin
664,1965.0,785000.0,266.0,785000.0,6.0,3.0,3.0,0,221284.8,0,0,0,0,1,0,0,0,0,0,0,0,Austin
665,2020.0,504000.0,262.0,504000.0,2.0,2.0,2.0,0,,0,0,0,0,1,0,0,0,0,0,0,0,Austin
666,2008.0,1299000.0,887.0,1299000.0,2.0,2.0,2.0,0,,1,0,0,0,0,0,1,0,0,0,0,0,Austin
667,1962.0,465000.0,283.0,465000.0,2.0,2.0,2.0,0,,0,0,1,0,0,0,0,0,0,0,0,0,Austin
668,,277995.0,164.0,277995.0,3.0,2.0,2.0,0,,0,0,0,0,1,0,0,0,0,1,0,0,Austin
669,,241990.0,164.0,241990.0,3.0,2.0,2.0,0,,0,0,0,0,1,0,0,0,0,1,0,0,Austin
670,2009.0,385000.0,136.0,385000.0,4.0,3.0,2.0,1,5662.0,0,0,0,0,1,0,0,0,0,0,0,0,Austin
671,2009.0,215000.0,152.0,215000.0,3.0,2.0,2.0,0,4356.0,0,0,0,0,1,0,0,0,0,0,0,0,Austin
672,2020.0,812900.0,290.0,812900.0,4.0,4.0,3.0,1,30927.6,0,0,0,0,1,0,0,0,0,0,0,0,Austin
673,1983.0,390000.0,232.0,390000.0,0.0,,,0,,0,0,1,0,0,0,0,0,0,0,0,0,Austin
674,2020.0,569990.0,183.0,569990.0,4.0,3.0,2.0,1,,0,0,0,0,1,0,0,0,0,1,0,0,Austin
675,2020.0,427400.0,171.0,427400.0,3.0,3.0,2.0,1,,0,0,0,0,1,0,0,0,0,1,0,0,Austin
676,,613990.0,206.0,613990.0,4.0,3.0,3.0,0,,0,0,0,0,1,0,0,0,0,1,0,0,Austin
677,2016.0,348000.0,193.0,348000.0,3.0,3.0,2.0,1,5575.0,0,0,0,0,1,0,0,0,0,0,0,0,Austin
678,2018.0,470000.0,603.0,470000.0,1.0,1.0,1.0,0,,1,0,0,0,0,0,0,0,0,0,0,0,Austin
679,1985.0,210000.0,223.0,210000.0,1.0,1.0,1.0,0,,1,0,0,0,0,0,0,0,0,0,0,0,Austin
680,1989.0,375000.0,190.0,375000.0,4.0,3.0,2.0,1,5662.0,0,0,0,0,1,0,0,0,0,0,0,0,Austin
681,1985.0,249900.0,234.0,249900.0,3.0,1.0,1.0,0,5706.0,0,0,0,0,1,0,0,0,0,0,0,0,Austin
682,1977.0,425000.0,381.0,425000.0,3.0,2.0,2.0,0,7710.0,0,0,0,0,1,0,0,0,0,0,0,0,Austin
683,2020.0,622900.0,245.0,622900.0,3.0,3.0,2.0,1,,0,0,0,0,1,0,0,0,0,0,0,0,Austin
684,2002.0,589900.0,196.0,589900.0,4.0,4.0,3.0,1,8886.0,0,0,0,0,1,0,0,0,0,0,0,0,Austin
685,2020.0,839990.0,467.0,839990.0,3.0,3.0,3.0,0,,0,0,1,0,0,0,0,0,0,0,0,0,Austin
686,2004.0,425000.0,336.0,425000.0,2.0,2.0,2.0,0,,1,0,0,0,0,0,0,0,0,0,0,0,Austin
687,1984.0,285000.0,283.0,285000.0,2.0,2.0,2.0,0,5227.0,0,0,0,0,1,0,0,0,0,0,0,0,Austin
688,2020.0,724990.0,501.0,724990.0,3.0,3.0,3.0,0,,0,0,1,0,0,0,0,0,0,0,0,0,Austin
689,1972.0,415000.0,232.0,415000.0,4.0,2.0,2.0,0,14810.4,0,0,0,0,1,0,0,0,0,0,0,0,Austin
690,1984.0,555000.0,331.0,555000.0,3.0,2.0,2.0,0,8145.0,0,0,0,0,1,0,0,0,0,0,0,0,Austin
691,1950.0,910000.0,531.0,910000.0,3.0,2.0,2.0,0,7056.0,0,0,0,0,1,0,0,0,0,0,0,0,Austin
692,2001.0,1500000.0,284.0,1500000.0,4.0,4.0,4.0,0,60112.8,0,0,0,0,1,0,0,0,0,0,0,0,Austin
693,1906.0,1199988.0,545.0,1199988.0,0.0,0.0,,0,,0,0,0,1,0,0,0,0,0,0,0,1,Austin
694,1974.0,595000.0,351.0,595000.0,2.0,2.0,2.0,0,6098.0,0,0,0,0,0,1,0,0,0,0,0,0,Austin
695,2018.0,2400000.0,954.0,2400000.0,3.0,3.0,3.0,0,,1,0,0,0,0,0,0,0,0,0,0,0,Austin
696,2006.0,459000.0,497.0,459000.0,1.0,1.0,1.0,0,,1,0,0,0,0,0,0,0,0,0,0,0,Austin
697,1985.0,795000.0,484.0,795000.0,3.0,2.0,2.0,0,6098.0,0,0,0,0,1,0,0,0,0,0,0,0,Austin
698,2020.0,624990.0,469.0,624990.0,2.0,3.0,2.0,1,,0,0,1,0,0,0,0,0,0,0,0,0,Austin
699,2020.0,446990.0,527.0,446990.0,2.0,3.0,2.0,1,2400.0,0,0,0,0,1,0,0,0,0,0,0,0,Austin
700,2020.0,678990.0,467.0,678990.0,3.0,3.0,3.0,0,6072.0,0,0,0,0,1,0,0,0,0,0,0,0,Austin
701,1968.0,229999.0,380.0,229999.0,1.0,1.0,1.0,0,,1,0,0,0,0,0,0,0,0,0,0,0,Austin
702,2020.0,448990.0,502.0,448990.0,2.0,2.0,2.0,0,2387.0,0,0,0,0,1,0,0,0,0,0,0,0,Austin
703,2020.0,446990.0,527.0,446990.0,2.0,3.0,2.0,1,2400.0,0,0,0,0,1,0,0,0,0,0,0,0,Austin
704,2020.0,678990.0,467.0,678990.0,3.0,3.0,3.0,0,6072.0,0,0,0,0,1,0,0,0,0,0,0,0,Austin
705,2020.0,483990.0,552.0,483990.0,2.0,2.0,2.0,0,6072.0,0,0,0,0,1,0,0,0,0,0,0,0,Austin
706,1995.0,189000.0,164.0,189000.0,3.0,2.0,2.0,0,,0,1,0,0,0,0,0,0,0,0,0,0,Austin
707,2020.0,670900.0,206.0,670900.0,4.0,3.0,3.0,0,14374.8,0,0,0,0,1,0,0,0,0,0,0,0,Austin
708,2020.0,634990.0,439.0,634990.0,3.0,3.0,3.0,0,3598.0,0,0,0,0,1,0,0,0,0,0,0,0,Austin
709,1968.0,229999.0,384.0,229999.0,1.0,1.0,1.0,0,,1,0,0,0,0,0,0,0,0,0,0,0,Austin
710,2019.0,715000.0,854.0,715000.0,1.0,1.0,1.0,0,,1,0,0,0,0,0,1,0,0,0,0,0,Austin
711,1983.0,275000.0,323.0,275000.0,2.0,1.0,1.0,0,,1,0,0,0,0,0,0,0,0,0,0,0,Austin
712,2019.0,3120000.0,1151.0,3120000.0,3.0,4.0,3.0,1,,1,0,0,0,0,0,1,0,0,0,0,0,Austin
713,2019.0,830700.0,736.0,830700.0,1.0,2.0,2.0,0,,1,0,0,0,0,0,0,0,1,0,0,0,Austin
714,1982.0,609900.0,397.0,609900.0,1.0,2.0,1.0,1,,1,0,0,0,0,0,0,0,0,0,0,0,Austin
715,1982.0,199900.0,394.0,199900.0,1.0,1.0,1.0,0,,1,0,0,0,0,0,0,0,0,0,0,0,Austin
716,2018.0,1299000.0,872.0,1299000.0,2.0,2.0,2.0,0,,1,0,0,0,0,0,0,0,0,0,0,0,Austin
717,1982.0,294500.0,236.0,294500.0,2.0,2.0,2.0,0,,1,0,0,0,0,0,0,0,0,0,0,0,Austin
718,1983.0,331990.0,320.0,331990.0,2.0,3.0,2.0,1,,1,0,0,0,0,0,0,0,0,0,0,0,Austin
719,2019.0,1862000.0,855.0,1862000.0,3.0,3.0,3.0,0,,1,0,0,0,0,0,0,0,1,0,0,0,Austin
720,1982.0,485000.0,269.0,485000.0,2.0,2.0,2.0,0,,1,0,0,0,0,0,0,0,0,0,0,0,Austin
721,2019.0,6251000.0,1400.0,6251000.0,4.0,5.0,4.0,1,,1,0,0,0,0,0,0,0,0,0,0,0,Austin
722,2019.0,1190000.0,701.0,1190000.0,2.0,2.0,2.0,0,,1,0,0,0,0,0,0,0,1,0,0,0,Austin
723,2019.0,3875000.0,1103.0,3875000.0,3.0,4.0,3.0,1,,1,0,0,0,0,0,1,0,0,0,0,0,Austin
724,2019.0,1843570.0,846.0,1843570.0,3.0,3.0,3.0,0,,1,0,0,0,0,0,1,0,0,0,0,0,Austin
725,1991.0,1500000.0,456.0,1500000.0,5.0,4.0,3.0,1,217800.0,0,0,0,0,1,0,0,0,0,0,0,0,Austin
726,2011.0,1999999.0,900.0,1999999.0,3.0,3.0,3.0,0,,1,0,0,0,0,0,0,0,1,0,0,0,Austin
727,2001.0,1599999.0,643.0,1599999.0,3.0,3.0,3.0,0,,1,0,0,0,0,0,0,0,0,0,0,0,Austin
728,2019.0,1319242.0,777.0,1319242.0,2.0,2.0,2.0,0,,1,0,0,0,0,0,0,0,0,0,0,0,Austin
729,1992.0,974062.0,300.0,974062.0,3.0,4.0,2.0,2,4486.0,0,0,0,0,1,0,0,0,0,0,0,0,Austin
730,2000.0,1450000.0,329.0,1450000.0,4.0,5.0,4.0,1,31363.2,0,0,0,0,1,0,0,0,0,0,0,0,Austin
731,1965.0,850000.0,386.0,850000.0,3.0,3.0,3.0,0,4051.0,0,0,0,0,1,0,0,0,0,0,0,0,Austin
732,1975.0,499000.0,243.0,499000.0,3.0,2.0,2.0,0,9757.0,0,0,0,0,1,0,0,0,0,0,1,0,Austin
733,1948.0,2100000.0,894.0,2100000.0,0.0,3.0,3.0,0,7840.0,0,0,0,0,1,0,0,0,0,1,0,0,Austin
734,,308995.0,119.0,308995.0,3.0,3.0,2.0,1,,0,0,0,0,1,0,0,0,0,1,0,0,Austin
735,,231990.0,147.0,231990.0,4.0,3.0,2.0,1,,0,0,0,0,0,1,0,0,0,1,0,0,Austin
736,,616990.0,165.0,616990.0,4.0,4.0,3.0,1,,0,0,0,0,1,0,0,0,0,1,0,0,Austin
737,,566990.0,190.0,566990.0,4.0,3.0,3.0,0,,0,0,0,0,1,0,0,0,0,1,0,0,Austin
738,1992.0,1475000.0,369.0,1475000.0,4.0,4.0,3.0,1,9835.0,0,0,0,0,1,0,0,0,0,0,0,0,Austin
739,2015.0,525000.0,237.0,525000.0,3.0,3.0,2.0,1,13503.6,0,0,0,0,1,0,0,0,0,0,0,0,Austin
740,2020.0,399790.0,197.0,399790.0,4.0,3.0,3.0,0,4573.0,0,0,0,0,1,0,0,0,0,0,0,0,Austin
741,2020.0,841000.0,856.0,841000.0,2.0,2.0,2.0,0,,1,0,0,0,0,0,0,0,0,0,0,0,Austin
742,1948.0,329500.0,297.0,329500.0,2.0,1.0,1.0,0,5837.0,0,0,0,0,1,0,0,0,0,0,0,0,Austin
743,1997.0,1700000.0,451.0,1700000.0,4.0,4.0,3.0,1,21780.0,0,0,0,0,1,0,0,0,0,0,0,0,Austin
744,2018.0,649900.0,768.0,649900.0,1.0,1.0,1.0,0,,1,0,0,0,0,0,0,0,0,0,0,0,Austin
745,1982.0,325000.0,176.0,325000.0,3.0,2.0,2.0,0,7840.0,0,0,0,0,1,0,0,0,0,0,0,0,Austin
746,1993.0,379900.0,105.0,379900.0,5.0,3.0,2.0,1,8712.0,0,0,0,0,1,0,0,0,0,0,0,0,Austin
747,1976.0,330000.0,276.0,330000.0,3.0,2.0,2.0,0,7143.0,0,0,0,0,1,0,0,0,0,0,0,0,Austin
748,1969.0,299000.0,250.0,299000.0,4.0,2.0,2.0,0,8494.0,0,0,0,0,1,0,0,0,0,0,0,0,Austin
749,2015.0,299000.0,229.0,299000.0,3.0,2.0,2.0,0,6534.0,0,0,0,0,1,0,0,0,0,0,0,0,Austin
750,2018.0,485000.0,441.0,485000.0,2.0,2.0,2.0,0,,1,0,0,0,0,0,0,0,0,0,0,0,Austin
751,1954.0,319500.0,250.0,319500.0,3.0,1.0,1.0,0,11325.6,0,0,0,0,1,0,0,0,0,0,0,0,Austin
752,1963.0,550000.0,275.0,550000.0,3.0,2.0,2.0,0,9975.0,0,0,0,0,1,0,0,0,0,0,0,0,Austin
753,1997.0,425000.0,420.0,425000.0,3.0,1.0,1.0,0,14374.8,0,0,0,0,1,0,0,0,0,0,0,0,Austin
754,1983.0,495000.0,369.0,495000.0,3.0,2.0,2.0,0,7448.0,0,0,0,0,1,0,0,0,0,0,0,0,Austin
755,1998.0,375000.0,162.0,375000.0,4.0,2.0,2.0,0,7379.0,0,0,0,0,1,0,0,0,0,0,0,0,Austin
756,1982.0,1250000.0,301.0,1250000.0,8.0,5.0,5.0,0,6490.0,0,0,0,0,1,0,0,0,0,0,0,0,Austin
757,1962.0,625000.0,326.0,625000.0,4.0,3.0,3.0,0,8829.0,0,0,0,0,1,0,0,0,0,0,0,0,Austin
758,1994.0,710000.0,222.0,710000.0,4.0,3.0,2.0,1,9844.0,0,0,0,0,1,0,0,0,0,0,0,0,Austin
759,2013.0,379900.0,561.0,379900.0,1.0,1.0,1.0,0,,1,0,0,0,0,0,0,0,0,1,0,0,Austin
760,1951.0,1995000.0,597.0,1995000.0,3.0,4.0,3.0,1,26136.0,0,0,0,0,1,0,0,0,0,0,0,0,Austin
761,1999.0,599900.0,256.0,599900.0,4.0,3.0,2.0,1,64033.2,0,0,0,0,1,0,0,0,0,0,0,0,Austin
762,1974.0,320000.0,276.0,320000.0,3.0,2.0,2.0,0,7187.0,0,0,0,0,1,0,0,0,0,0,0,0,Austin
763,1968.0,485000.0,248.0,485000.0,3.0,2.0,2.0,0,16552.8,0,0,0,0,1,0,0,0,0,0,0,0,Austin
764,2011.0,215000.0,195.0,215000.0,3.0,2.0,2.0,0,,1,0,0,0,0,0,0,0,0,0,0,0,Austin
765,2006.0,1125000.0,245.0,1125000.0,6.0,4.0,4.0,0,26571.6,0,0,0,0,1,0,0,0,0,0,0,0,Austin
766,2013.0,399000.0,221.0,399000.0,3.0,3.0,2.0,1,5706.0,0,0,0,0,1,0,0,0,0,0,0,0,Austin
767,2014.0,610000.0,203.0,610000.0,4.0,4.0,3.0,1,7797.0,0,0,0,0,1,0,0,0,0,0,0,0,Austin
768,2005.0,385000.0,198.0,385000.0,3.0,3.0,2.0,1,6403.0,0,0,0,0,1,0,0,0,0,0,0,0,Austin
769,1966.0,525000.0,589.0,525000.0,1.0,1.0,1.0,0,,1,0,0,0,0,0,0,0,0,0,0,0,Austin
770,2014.0,550000.0,272.0,550000.0,3.0,3.0,2.0,1,,1,0,0,0,0,0,0,0,0,0,0,0,Austin
771,1986.0,350000.0,244.0,350000.0,3.0,2.0,2.0,0,9888.0,0,0,0,0,1,0,0,0,0,0,0,0,Austin
772,1972.0,390000.0,288.0,390000.0,4.0,2.0,2.0,0,14810.4,0,0,0,0,1,0,0,0,0,0,0,0,Austin
773,2020.0,394090.0,183.0,394090.0,4.0,4.0,3.0,1,5135.0,0,0,0,0,1,0,0,0,0,0,0,0,Austin
774,2020.0,407755.0,163.0,407755.0,4.0,3.0,3.0,0,4356.0,0,0,0,0,1,0,0,0,0,0,0,0,Austin
775,1977.0,270000.0,289.0,270000.0,2.0,1.0,1.0,0,,1,0,0,0,0,0,0,0,0,0,0,0,Austin
776,1963.0,660000.0,290.0,660000.0,3.0,2.0,2.0,0,130244.4,0,0,0,0,1,0,0,0,0,0,0,0,Austin
777,1984.0,399999.0,373.0,399999.0,2.0,1.0,1.0,0,13068.0,0,0,0,0,1,0,0,0,0,0,0,0,Austin
