,Year built,HOA,Price/sqft,Total Price,Bedrooms,Bathrooms,Full bathrooms,Lot,Half bathrooms,Type_Condo,Type_Multi Family,Type_Multiple Occupancy,Type_Single Family,Type_Townhouse,Cooling_None,Cooling_Other,Cooling_Refrigeration,"Cooling_Refrigerator, Central",Cooling_Wall,City
0,1891.0,399700.0,282.0,399700.0,2.0,2.0,2.0,,0,1,0,0,0,0,0,0,0,0,0,Chicago
1,1915.0,319900.0,213.0,319900.0,2.0,2.0,2.0,,0,1,0,0,0,0,0,0,0,0,0,Chicago
2,1991.0,300000.0,387.0,300000.0,1.0,1.0,1.0,,0,1,0,0,0,0,0,0,0,0,0,Chicago
3,1944.0,160000.0,123.0,160000.0,2.0,1.0,1.0,4960.0,0,0,0,0,1,0,1,0,0,0,0,Chicago
4,1964.0,429900.0,331.0,429900.0,2.0,2.0,2.0,,0,1,0,0,0,0,0,0,0,0,0,Chicago
5,1921.0,272000.0,,272000.0,1.0,1.0,1.0,,0,1,0,0,0,0,0,0,1,0,0,Chicago
6,2007.0,579000.0,483.0,579000.0,2.0,2.0,2.0,,0,1,0,0,0,0,0,0,0,0,0,Chicago
7,1948.0,220000.0,314.0,220000.0,1.0,1.0,1.0,,0,1,0,0,0,0,1,0,0,0,0,Chicago
8,1916.0,500000.0,278.0,500000.0,5.0,3.0,3.0,3750.0,0,0,0,0,1,0,0,0,0,0,0,Chicago
9,1962.0,240000.0,231.0,240000.0,3.0,1.0,1.0,3136.0,0,0,0,0,1,0,0,0,0,0,0,Chicago
10,2020.0,649000.0,309.0,649000.0,3.0,2.0,2.0,,0,1,0,0,0,0,0,0,0,0,0,Chicago
11,2020.0,645000.0,349.0,645000.0,3.0,2.0,2.0,,0,1,0,0,0,0,0,0,0,0,0,Chicago
12,2003.0,415000.0,,415000.0,2.0,2.0,2.0,,0,1,0,0,0,0,0,0,0,0,0,Chicago
13,1927.0,399000.0,229.0,399000.0,4.0,2.0,1.0,4721.0,1,0,0,0,1,0,0,0,0,0,0,Chicago
14,2020.0,569000.0,219.0,569000.0,4.0,4.0,3.0,,1,0,0,0,0,1,0,0,0,0,0,Chicago
15,2020.0,609000.0,,609000.0,4.0,4.0,3.0,3733.0,1,0,0,0,1,0,0,0,0,0,0,Chicago
16,1949.0,429900.0,216.0,429900.0,3.0,2.0,2.0,7405.0,0,0,0,0,1,0,0,0,0,0,0,Chicago
17,2009.0,1075000.0,614.0,1075000.0,3.0,2.0,2.0,,0,1,0,0,0,0,0,0,0,0,0,Chicago
18,2005.0,319500.0,402.0,319500.0,1.0,1.0,1.0,,0,1,0,0,0,0,1,0,0,0,0,Chicago
19,1964.0,375000.0,288.0,375000.0,2.0,2.0,2.0,,0,1,0,0,0,0,0,0,0,0,0,Chicago
20,1900.0,325000.0,187.0,325000.0,5.0,2.0,2.0,3092.0,0,0,0,0,1,0,0,0,0,0,0,Chicago
21,1903.0,239900.0,,239900.0,7.0,3.0,3.0,,0,0,1,0,0,0,1,0,0,0,0,Chicago
22,1996.0,215000.0,138.0,215000.0,2.0,2.0,2.0,,0,1,0,0,0,0,0,0,0,0,0,Chicago
23,1949.0,105000.0,88.0,105000.0,2.0,1.0,1.0,3781.0,0,0,0,0,1,0,0,0,0,0,0,Chicago
24,1930.0,230000.0,288.0,230000.0,2.0,1.0,1.0,,0,1,0,0,0,0,0,0,0,0,0,Chicago
25,2001.0,1195000.0,566.0,1195000.0,2.0,2.0,2.0,,0,1,0,0,0,0,0,0,0,0,0,Chicago
26,2002.0,590000.0,408.0,590000.0,2.0,2.0,2.0,,0,1,0,0,0,0,0,0,0,0,0,Chicago
27,1973.0,194000.0,231.0,194000.0,1.0,1.0,1.0,,0,1,0,0,0,0,0,0,0,0,0,Chicago
28,1946.0,289900.0,167.0,289900.0,3.0,2.0,2.0,4190.0,0,0,0,0,1,0,0,0,0,0,0,Chicago
29,1895.0,199000.0,81.0,199000.0,4.0,3.0,2.0,3049.0,1,0,0,0,1,0,0,0,0,0,0,Chicago
30,1913.0,97000.0,122.0,97000.0,4.0,2.0,2.0,3746.0,0,0,0,0,1,0,1,0,0,0,0,Chicago
31,1902.0,195000.0,,195000.0,4.0,2.0,2.0,,0,0,0,1,0,0,1,0,0,0,0,Chicago
32,2008.0,400000.0,381.0,400000.0,9.0,6.0,5.0,,1,0,0,1,0,0,0,0,0,0,0,Chicago
33,1958.0,316000.0,416.0,316000.0,4.0,2.0,2.0,3423.0,0,0,0,0,1,0,0,0,0,0,0,Chicago
34,1985.0,625000.0,370.0,625000.0,2.0,3.0,2.0,40.0,1,0,0,0,0,1,0,0,0,0,0,Chicago
35,1913.0,379000.0,,379000.0,9.0,3.0,3.0,,0,0,1,0,0,0,1,0,0,0,0,Chicago
36,2006.0,225000.0,147.0,225000.0,3.0,3.0,3.0,3131.0,0,0,0,0,1,0,0,0,0,0,0,Chicago
37,1977.0,899900.0,248.0,899900.0,5.0,6.0,5.0,6098.0,1,0,0,0,1,0,0,0,0,0,0,Chicago
38,1951.0,369900.0,168.0,369900.0,4.0,3.0,2.0,4443.0,1,0,0,0,1,0,0,0,0,0,0,Chicago
39,1960.0,299900.0,309.0,299900.0,5.0,2.0,2.0,3092.0,0,0,0,0,1,0,0,0,0,0,0,Chicago
40,1890.0,378000.0,945.0,378000.0,6.0,3.0,3.0,,0,0,0,1,0,0,0,0,0,0,0,Chicago
41,1960.0,199900.0,83.0,199900.0,3.0,2.0,1.0,4229.0,1,0,0,0,1,0,0,0,0,0,0,Chicago
42,1910.0,385000.0,,385000.0,6.0,3.0,3.0,,0,0,0,1,0,0,1,0,0,0,0,Chicago
43,1973.0,85000.0,85.0,85000.0,4.0,2.0,1.0,5052.0,1,0,0,0,1,0,0,0,0,0,0,Chicago
44,1902.0,85000.0,71.0,85000.0,4.0,1.0,1.0,3702.0,0,0,0,0,1,0,1,0,0,0,0,Chicago
45,1924.0,130000.0,129.0,130000.0,3.0,1.0,1.0,4338.0,0,0,0,0,1,0,1,0,0,0,0,Chicago
46,1908.0,450000.0,,450000.0,5.0,3.0,3.0,,0,0,0,1,0,0,1,0,0,0,0,Chicago
47,1912.0,179900.0,145.0,179900.0,11.0,5.0,4.0,,1,0,0,1,0,0,1,0,0,0,0,Chicago
48,1957.0,129900.0,100.0,129900.0,4.0,1.0,1.0,4064.0,0,0,0,0,1,0,0,0,0,0,0,Chicago
49,1919.0,199000.0,,199000.0,4.0,2.0,2.0,,0,0,0,1,0,0,1,0,0,0,0,Chicago
50,2006.0,364900.0,270.0,364900.0,2.0,2.0,2.0,,0,1,0,0,0,0,0,0,0,0,0,Chicago
51,1999.0,244900.0,153.0,244900.0,2.0,2.0,1.0,,1,1,0,0,0,0,0,0,0,0,0,Chicago
52,1999.0,429000.0,390.0,429000.0,2.0,2.0,2.0,,0,1,0,0,0,0,0,0,0,0,0,Chicago
53,2001.0,564900.0,235.0,564900.0,3.0,3.0,3.0,,0,0,0,0,0,1,0,0,0,0,0,Chicago
54,2012.0,3850000.0,1046.0,3850000.0,4.0,5.0,,,0,1,0,0,0,0,0,0,0,0,0,Chicago
55,1965.0,1450000.0,302.0,1450000.0,3.0,5.0,,,0,1,0,0,0,0,0,0,0,0,1,Chicago
56,1929.0,319900.0,,319900.0,6.0,5.0,3.0,,2,0,1,0,0,0,0,0,0,0,0,Chicago
57,1891.0,124000.0,35.0,124000.0,3.0,2.0,1.0,3550.0,1,0,0,0,1,0,1,0,0,0,0,Chicago
58,,649000.0,,649000.0,8.0,4.0,4.0,,0,0,0,1,0,0,1,0,0,0,0,Chicago
59,1890.0,315000.0,193.0,315000.0,4.0,2.0,2.0,,0,0,0,0,1,0,1,0,0,0,0,Chicago
60,1916.0,660000.0,485.0,660000.0,9.0,3.0,3.0,,0,0,1,0,0,0,0,0,0,0,0,Chicago
61,1985.0,165000.0,183.0,165000.0,1.0,1.0,1.0,,0,1,0,0,0,0,0,1,0,0,0,Chicago
62,1926.0,164000.0,137.0,164000.0,2.0,2.0,2.0,,0,1,0,0,0,0,0,0,0,0,0,Chicago
63,,1100000.0,604.0,1100000.0,3.0,3.0,2.0,,1,1,0,0,0,0,0,0,0,0,0,Chicago
64,1962.0,170000.0,243.0,170000.0,2.0,1.0,1.0,,0,1,0,0,0,0,0,0,0,0,1,Chicago
65,1916.0,425000.0,247.0,425000.0,4.0,3.0,3.0,3750.0,0,0,0,0,1,0,0,0,0,0,0,Chicago
66,1893.0,185000.0,154.0,185000.0,4.0,2.0,2.0,3123.0,0,0,0,0,1,0,0,0,0,0,0,Chicago
67,1884.0,375000.0,306.0,375000.0,1.0,1.0,1.0,,0,1,0,0,0,0,0,0,0,0,0,Chicago
68,1915.0,279900.0,174.0,279900.0,5.0,4.0,4.0,3868.0,0,0,0,0,1,0,0,0,0,0,0,Chicago
69,1932.0,570000.0,163.0,570000.0,4.0,3.0,3.0,4965.0,0,0,0,0,1,0,0,0,0,0,0,Chicago
70,1891.0,219900.0,,219900.0,6.0,2.0,2.0,,0,0,0,1,0,0,1,0,0,0,0,Chicago
71,1885.0,105000.0,,105000.0,8.0,3.0,3.0,,0,0,1,0,0,0,1,0,0,0,0,Chicago
72,1923.0,279000.0,145.0,279000.0,4.0,2.0,2.0,4094.0,0,0,0,0,1,0,0,0,0,0,0,Chicago
73,1952.0,136000.0,227.0,136000.0,1.0,1.0,1.0,,0,1,0,0,0,0,0,1,0,0,0,Chicago
74,1993.0,349900.0,294.0,349900.0,5.0,2.0,2.0,3746.0,0,0,0,0,1,0,0,0,0,0,0,Chicago
75,2008.0,639900.0,427.0,639900.0,2.0,2.0,2.0,,0,1,0,0,0,0,0,0,0,0,0,Chicago
76,2020.0,825000.0,431.0,825000.0,3.0,3.0,2.0,,1,1,0,0,0,0,0,0,0,0,0,Chicago
77,1895.0,99900.0,,99900.0,8.0,2.0,2.0,,0,0,1,0,0,0,1,0,0,0,0,Chicago
78,1933.0,319000.0,70.0,319000.0,4.0,2.0,1.0,4538.0,1,0,0,0,1,0,1,0,0,0,0,Chicago
79,2008.0,679000.0,495.0,679000.0,2.0,2.0,2.0,,0,1,0,0,0,0,0,0,0,0,0,Chicago
80,1997.0,269900.0,152.0,269900.0,3.0,2.0,2.0,,0,1,0,0,0,0,0,0,0,0,0,Chicago
81,1973.0,159900.0,118.0,159900.0,5.0,2.0,1.0,3484.0,1,0,0,0,1,0,0,0,0,0,0,Chicago
82,1920.0,339900.0,441.0,339900.0,3.0,3.0,3.0,3841.0,0,0,0,0,1,0,0,0,0,0,0,Chicago
83,2018.0,825000.0,275.0,825000.0,4.0,4.0,3.0,3092.0,1,0,0,0,1,0,0,0,0,0,0,Chicago
84,,1130000.0,613.0,1130000.0,3.0,3.0,2.0,,1,1,0,0,0,0,0,0,0,0,0,Chicago
85,1998.0,399000.0,332.0,399000.0,3.0,3.0,2.0,,1,1,0,0,0,0,0,0,0,0,0,Chicago
86,,1150000.0,623.0,1150000.0,3.0,3.0,2.0,,1,1,0,0,0,0,0,0,0,0,0,Chicago
87,2002.0,395000.0,316.0,395000.0,2.0,2.0,2.0,,0,1,0,0,0,0,0,0,0,0,0,Chicago
88,,429000.0,,429000.0,5.0,3.0,3.0,,0,0,1,0,0,0,1,0,0,0,0,Chicago
89,1970.0,849900.0,459.0,849900.0,2.0,2.0,2.0,,0,1,0,0,0,0,0,0,0,0,0,Chicago
90,1920.0,264900.0,265.0,264900.0,4.0,3.0,3.0,,0,0,1,0,0,0,1,0,0,0,0,Chicago
91,2008.0,584900.0,422.0,584900.0,2.0,2.0,2.0,,0,1,0,0,0,0,0,0,0,0,0,Chicago
92,2005.0,500000.0,,500000.0,3.0,3.0,2.0,,1,1,0,0,0,0,0,0,0,0,0,Chicago
93,1977.0,250000.0,,250000.0,1.0,1.0,1.0,,0,1,0,0,0,0,0,0,0,0,0,Chicago
94,1925.0,448800.0,221.0,448800.0,4.0,3.0,3.0,,0,0,1,0,0,0,0,0,0,0,0,Chicago
95,2007.0,487500.0,,487500.0,2.0,2.0,2.0,,0,1,0,0,0,0,0,0,0,0,0,Chicago
96,,1390000.0,710.0,1390000.0,3.0,3.0,3.0,,0,1,0,0,0,0,0,0,0,0,0,Chicago
97,2000.0,649000.0,324.0,649000.0,3.0,2.0,2.0,,0,1,0,0,0,0,0,0,0,0,0,Chicago
98,1923.0,499000.0,315.0,499000.0,4.0,4.0,4.0,3550.0,0,0,0,0,1,0,0,0,0,0,0,Chicago
99,1916.0,589000.0,,589000.0,5.0,3.0,3.0,,0,0,1,0,0,0,0,0,0,0,0,Chicago
100,2009.0,7999000.0,772.0,7999000.0,7.0,11.0,8.0,7405.0,3,0,0,0,1,0,0,0,0,0,0,Chicago
101,2005.0,1295000.0,518.0,1295000.0,3.0,4.0,3.0,,1,1,0,0,0,0,0,0,0,0,0,Chicago
102,1987.0,140000.0,110.0,140000.0,3.0,2.0,2.0,4164.0,0,0,0,0,1,0,0,0,0,0,0,Chicago
103,2007.0,339900.0,,339900.0,2.0,1.0,1.0,,0,1,0,0,0,0,0,0,0,0,0,Chicago
104,1947.0,889000.0,296.0,889000.0,4.0,4.0,3.0,6838.0,1,0,0,0,1,0,1,0,0,0,0,Chicago
105,1918.0,460000.0,124.0,460000.0,7.0,3.0,2.0,6229.0,1,0,0,0,1,0,0,0,0,0,0,Chicago
106,2004.0,1175000.0,1588.0,1175000.0,4.0,4.0,3.0,2781.0,1,0,0,0,1,0,0,0,0,0,0,Chicago
107,1926.0,1350000.0,422.0,1350000.0,4.0,3.0,3.0,8.0,0,0,0,0,0,1,0,0,0,0,0,Chicago
108,1880.0,729000.0,292.0,729000.0,3.0,2.0,2.0,3310.0,0,0,0,0,1,0,0,0,0,0,0,Chicago
109,1917.0,235000.0,252.0,235000.0,1.0,1.0,1.0,,0,1,0,0,0,0,0,0,0,0,0,Chicago
110,1921.0,269000.0,90.0,269000.0,5.0,3.0,3.0,3998.0,0,0,0,0,1,0,0,0,0,0,0,Chicago
111,1905.0,199500.0,138.0,199500.0,3.0,3.0,2.0,3136.0,1,0,0,0,1,0,0,0,0,0,0,Chicago
112,1920.0,339900.0,309.0,339900.0,2.0,1.0,1.0,,0,1,0,0,0,0,0,0,0,0,0,Chicago
113,1913.0,690000.0,,690000.0,6.0,3.0,3.0,,0,0,1,0,0,0,0,0,0,0,0,Chicago
114,1923.0,825000.0,,825000.0,6.0,4.0,4.0,,0,0,1,0,0,0,0,0,0,0,0,Chicago
115,1989.0,719900.0,291.0,719900.0,3.0,3.0,2.0,57.0,1,0,0,0,0,1,0,0,0,0,0,Chicago
116,1999.0,500000.0,333.0,500000.0,2.0,2.0,2.0,,0,1,0,0,0,0,0,0,0,0,0,Chicago
117,1920.0,2450000.0,583.0,2450000.0,5.0,5.0,4.0,3000.0,1,0,0,0,1,0,0,0,0,0,0,Chicago
118,2001.0,335000.0,399.0,335000.0,1.0,1.0,1.0,,0,1,0,0,0,0,0,0,0,0,0,Chicago
119,1915.0,329000.0,274.0,329000.0,2.0,2.0,2.0,,0,1,0,0,0,0,0,0,0,0,0,Chicago
120,1915.0,329000.0,274.0,329000.0,2.0,2.0,2.0,,0,1,0,0,0,0,0,0,0,0,0,Chicago
121,1985.0,629000.0,381.0,629000.0,3.0,3.0,2.0,,1,1,0,0,0,0,0,0,0,0,0,Chicago
122,2005.0,339000.0,295.0,339000.0,2.0,2.0,2.0,,0,1,0,0,0,0,0,0,0,0,0,Chicago
123,2000.0,499000.0,,499000.0,2.0,2.0,2.0,,0,1,0,0,0,0,0,0,0,0,0,Chicago
124,2004.0,594000.0,396.0,594000.0,2.0,2.0,2.0,,0,1,0,0,0,0,0,0,0,0,0,Chicago
125,2004.0,730000.0,256.0,730000.0,3.0,3.0,3.0,,0,1,0,0,0,0,0,0,0,0,0,Chicago
126,2005.0,365000.0,281.0,365000.0,2.0,2.0,2.0,,0,0,1,0,0,0,0,0,0,0,0,Chicago
127,,999000.0,,999000.0,7.0,4.0,4.0,,0,0,1,0,0,0,0,0,0,0,0,Chicago
128,1964.0,69000.0,71.0,69000.0,3.0,1.0,1.0,3171.0,0,0,0,0,1,0,1,0,0,0,0,Chicago
129,2003.0,424900.0,298.0,424900.0,3.0,2.0,2.0,,0,1,0,0,0,0,0,0,0,0,0,Chicago
130,2005.0,435000.0,469.0,435000.0,1.0,2.0,1.0,,1,1,0,0,0,0,0,0,0,0,0,Chicago
131,1955.0,314900.0,214.0,314900.0,3.0,2.0,1.0,4965.0,1,0,0,0,1,0,0,0,0,0,0,Chicago
132,2005.0,275000.0,,275000.0,2.0,2.0,2.0,,0,1,0,0,0,0,0,0,0,0,0,Chicago
133,1950.0,95000.0,,95000.0,0.0,1.0,1.0,,0,1,0,0,0,0,1,0,0,0,0,Chicago
134,1925.0,224900.0,,224900.0,4.0,2.0,2.0,,0,0,1,0,0,0,1,0,0,0,0,Chicago
135,2005.0,699000.0,184.0,699000.0,3.0,4.0,3.0,4399.0,1,0,0,0,1,0,0,0,0,0,0,Chicago
136,,624900.0,625.0,624900.0,4.0,3.0,3.0,,0,0,0,1,0,0,0,0,0,0,0,Chicago
137,2006.0,424900.0,285.0,424900.0,2.0,2.0,2.0,,0,1,0,0,0,0,0,0,0,0,0,Chicago
138,1996.0,435000.0,,435000.0,2.0,2.0,2.0,,0,1,0,0,0,0,0,0,0,0,0,Chicago
139,1904.0,274900.0,,274900.0,4.0,3.0,3.0,,0,0,0,1,0,0,1,0,0,0,0,Chicago
140,2001.0,539900.0,241.0,539900.0,3.0,3.0,3.0,146.0,0,0,0,0,0,1,0,0,0,0,0,Chicago
141,1954.0,294900.0,330.0,294900.0,3.0,2.0,2.0,4356.0,0,0,0,0,1,0,0,0,0,0,0,Chicago
142,1940.0,219000.0,183.0,219000.0,2.0,1.0,1.0,,0,1,0,0,0,0,1,0,0,0,0,Chicago
143,1966.0,69900.0,68.0,69900.0,3.0,2.0,2.0,4704.0,0,0,0,0,1,0,0,0,0,0,0,Chicago
144,1973.0,179900.0,214.0,179900.0,1.0,1.0,1.0,,0,1,0,0,0,0,0,0,0,0,0,Chicago
145,1898.0,324900.0,357.0,324900.0,1.0,1.0,1.0,,0,1,0,0,0,0,0,0,0,0,0,Chicago
146,1995.0,599000.0,399.0,599000.0,2.0,2.0,2.0,,0,1,0,0,0,0,0,0,0,0,0,Chicago
147,2001.0,695000.0,348.0,695000.0,3.0,2.0,2.0,,0,1,0,0,0,0,0,0,0,0,0,Chicago
148,2006.0,399900.0,,399900.0,3.0,2.0,2.0,,0,1,0,0,0,0,0,0,0,0,0,Chicago
149,2017.0,549000.0,422.0,549000.0,2.0,2.0,2.0,,0,1,0,0,0,0,0,0,0,0,0,Chicago
150,2016.0,500000.0,,500000.0,3.0,2.0,2.0,,0,1,0,0,0,0,0,0,0,0,0,Chicago
151,2015.0,799900.0,400.0,799900.0,3.0,2.0,2.0,,0,1,0,0,0,0,0,0,0,0,0,Chicago
152,1925.0,89900.0,81.0,89900.0,4.0,2.0,2.0,6054.0,0,0,0,0,1,0,1,0,0,0,0,Chicago
153,1956.0,295000.0,270.0,295000.0,3.0,2.0,2.0,5000.0,0,0,0,0,1,0,0,0,0,0,0,Chicago
154,,279900.0,350.0,279900.0,1.0,1.0,1.0,,0,1,0,0,0,0,1,0,0,0,0,Chicago
155,1885.0,219000.0,,219000.0,6.0,2.0,2.0,,0,0,1,0,0,0,1,0,0,0,0,Chicago
156,1926.0,145000.0,223.0,145000.0,1.0,1.0,1.0,,0,1,0,0,0,0,0,0,0,0,0,Chicago
157,2000.0,600000.0,400.0,600000.0,3.0,2.0,2.0,,0,1,0,0,0,0,0,0,0,0,0,Chicago
158,1905.0,164900.0,,164900.0,6.0,2.0,2.0,,0,0,0,1,0,0,1,0,0,0,0,Chicago
159,2008.0,299900.0,375.0,299900.0,1.0,1.0,1.0,,0,1,0,0,0,0,0,0,0,0,0,Chicago
160,1966.0,123500.0,,123500.0,2.0,1.0,1.0,,0,1,0,0,0,0,0,0,0,0,0,Chicago
161,1972.0,159999.0,188.0,159999.0,1.0,1.0,1.0,,0,1,0,0,0,0,0,0,0,0,0,Chicago
162,2016.0,489000.0,213.0,489000.0,3.0,3.0,2.0,,1,1,0,0,0,0,0,0,0,0,0,Chicago
163,1920.0,590000.0,421.0,590000.0,2.0,2.0,2.0,,0,1,0,0,0,0,0,0,0,0,0,Chicago
164,1920.0,349000.0,349.0,349000.0,2.0,2.0,2.0,,0,1,0,0,0,0,1,0,0,0,0,Chicago
165,,229000.0,191.0,229000.0,2.0,1.0,1.0,,0,1,0,0,0,0,0,0,0,0,0,Chicago
166,2004.0,279000.0,164.0,279000.0,3.0,2.0,2.0,,0,1,0,0,0,0,0,0,0,0,0,Chicago
167,,435000.0,,435000.0,7.0,3.0,3.0,,0,0,1,0,0,0,1,0,0,0,0,Chicago
168,1920.0,409000.0,170.0,409000.0,5.0,3.0,3.0,5000.0,0,0,0,0,1,0,0,0,0,0,0,Chicago
169,1943.0,429000.0,245.0,429000.0,2.0,3.0,2.0,,1,1,0,0,0,0,0,0,0,0,0,Chicago
170,1974.0,379000.0,379.0,379000.0,1.0,2.0,1.0,,1,1,0,0,0,0,1,0,0,0,0,Chicago
171,2002.0,334999.0,258.0,334999.0,2.0,2.0,2.0,,0,1,0,0,0,0,0,0,0,0,0,Chicago
172,1895.0,195900.0,130.0,195900.0,3.0,3.0,1.0,3632.0,2,0,0,0,1,0,0,0,0,0,0,Chicago
173,2006.0,505000.0,206.0,505000.0,2.0,2.0,2.0,,0,1,0,0,0,0,0,0,0,0,0,Chicago
174,2008.0,418500.0,330.0,418500.0,2.0,2.0,2.0,,0,1,0,0,0,0,0,0,0,0,0,Chicago
175,2012.0,279999.0,200.0,279999.0,2.0,2.0,2.0,,0,1,0,0,0,0,0,0,0,0,0,Chicago
176,2020.0,595000.0,360.0,595000.0,3.0,2.0,2.0,,0,1,0,0,0,0,0,0,0,0,0,Chicago
177,1926.0,210000.0,,210000.0,8.0,4.0,4.0,,0,0,1,0,0,0,1,0,0,0,0,Chicago
178,1890.0,269999.0,268.0,269999.0,3.0,1.0,1.0,3092.0,0,0,0,0,1,0,1,0,0,0,0,Chicago
179,1929.0,259900.0,283.0,259900.0,2.0,1.0,1.0,,0,1,0,0,0,0,0,0,0,0,0,Chicago
180,1910.0,239000.0,111.0,239000.0,6.0,2.0,2.0,,0,0,0,1,0,0,1,0,0,0,0,Chicago
181,1888.0,850000.0,1466.0,850000.0,7.0,5.0,5.0,,0,0,1,0,0,0,0,0,0,0,0,Chicago
182,2014.0,799500.0,,799500.0,3.0,2.0,2.0,,0,1,0,0,0,0,0,0,0,0,0,Chicago
183,1912.0,225000.0,191.0,225000.0,1.0,1.0,1.0,,0,1,0,0,0,0,0,0,0,0,0,Chicago
184,1885.0,800000.0,,800000.0,3.0,2.0,2.0,,0,0,0,1,0,0,0,0,0,0,0,Chicago
185,1876.0,725000.0,451.0,725000.0,3.0,2.0,2.0,1973.0,0,0,0,0,1,0,0,0,0,0,0,Chicago
186,1940.0,459000.0,153.0,459000.0,4.0,2.0,2.0,4804.0,0,0,0,0,1,0,0,0,0,0,0,Chicago
187,1927.0,749000.0,340.0,749000.0,3.0,3.0,3.0,,0,1,0,0,0,0,0,0,0,0,0,Chicago
188,1944.0,210000.0,186.0,210000.0,3.0,2.0,2.0,3092.0,0,0,0,0,1,0,1,0,0,0,0,Chicago
189,1971.0,144900.0,188.0,144900.0,1.0,1.0,1.0,,0,1,0,0,0,0,0,0,0,0,0,Chicago
190,2006.0,389900.0,325.0,389900.0,2.0,2.0,2.0,,0,1,0,0,0,0,0,0,0,0,0,Chicago
191,1974.0,229900.0,219.0,229900.0,1.0,1.0,1.0,,0,1,0,0,0,0,0,0,0,0,0,Chicago
192,1913.0,346500.0,289.0,346500.0,2.0,2.0,2.0,,0,1,0,0,0,0,0,0,0,0,0,Chicago
193,2009.0,850000.0,698.0,850000.0,2.0,2.0,2.0,,0,1,0,0,0,0,0,0,0,0,0,Chicago
194,2006.0,320000.0,288.0,320000.0,1.0,2.0,1.0,,1,1,0,0,0,0,0,0,0,0,0,Chicago
195,1998.0,140000.0,140.0,140000.0,2.0,1.0,1.0,,0,1,0,0,0,0,0,0,0,0,0,Chicago
196,1894.0,649000.0,653.0,649000.0,3.0,3.0,2.0,3075.0,1,0,0,0,1,0,0,0,0,0,0,Chicago
197,1997.0,899000.0,251.0,899000.0,4.0,4.0,3.0,1681.0,1,0,0,0,1,0,0,0,0,0,0,Chicago
198,2020.0,1440000.0,674.0,1440000.0,3.0,4.0,3.0,,1,0,0,0,1,0,0,0,0,0,0,Chicago
199,,55000.0,,55000.0,6.0,2.0,2.0,,0,0,1,0,0,0,1,0,0,0,0,Chicago
200,1989.0,469000.0,372.0,469000.0,2.0,2.0,2.0,,0,1,0,0,0,0,0,0,0,0,0,Chicago
201,1929.0,180000.0,141.0,180000.0,4.0,2.0,1.0,3746.0,1,0,0,0,1,0,1,0,0,0,0,Chicago
202,2003.0,325000.0,217.0,325000.0,2.0,2.0,2.0,,0,1,0,0,0,0,0,0,0,0,0,Chicago
203,2007.0,625000.0,368.0,625000.0,3.0,2.0,2.0,,0,1,0,0,0,0,0,0,0,0,0,Chicago
204,,200000.0,211.0,200000.0,2.0,2.0,2.0,,0,1,0,0,0,0,0,0,0,0,0,Chicago
205,1929.0,274950.0,,274950.0,1.0,1.0,1.0,,0,1,0,0,0,0,0,0,0,0,0,Chicago
206,,150000.0,,150000.0,2.0,1.0,1.0,,0,1,0,0,0,0,1,0,0,0,0,Chicago
207,1969.0,229900.0,120.0,229900.0,3.0,3.0,2.0,,1,1,0,0,0,0,0,0,1,0,0,Chicago
208,1928.0,549900.0,502.0,549900.0,3.0,4.0,3.0,3720.0,1,0,0,0,1,0,0,0,0,0,0,Chicago
209,1952.0,199900.0,144.0,199900.0,3.0,1.0,1.0,4961.0,0,0,0,0,1,0,0,0,0,0,0,Chicago
210,1915.0,450000.0,280.0,450000.0,4.0,2.0,2.0,4965.0,0,0,0,0,1,0,1,0,0,0,0,Chicago
211,1912.0,339000.0,261.0,339000.0,2.0,1.0,1.0,,0,1,0,0,0,0,0,0,0,0,0,Chicago
212,1960.0,199900.0,,199900.0,3.0,2.0,2.0,,0,1,0,0,0,0,0,0,0,0,0,Chicago
213,1923.0,185000.0,264.0,185000.0,1.0,1.0,1.0,,0,1,0,0,0,0,0,1,0,0,0,Chicago
214,2013.0,999000.0,357.0,999000.0,4.0,3.0,2.0,,1,1,0,0,0,0,0,0,0,0,0,Chicago
215,1966.0,134900.0,,134900.0,1.0,1.0,1.0,,0,1,0,0,0,0,1,0,0,0,0,Chicago
216,1906.0,575000.0,174.0,575000.0,3.0,3.0,2.0,4704.0,1,0,0,0,1,0,0,0,0,0,0,Chicago
217,2008.0,370000.0,330.0,370000.0,1.0,1.0,1.0,,0,1,0,0,0,0,0,0,0,0,0,Chicago
218,2013.0,575000.0,338.0,575000.0,3.0,2.0,2.0,,0,1,0,0,0,0,0,0,0,0,0,Chicago
219,1901.0,315000.0,,315000.0,2.0,1.0,1.0,,0,1,0,0,0,0,1,0,0,0,0,Chicago
220,1968.0,262000.0,293.0,262000.0,1.0,1.0,1.0,,0,1,0,0,0,0,0,0,0,0,0,Chicago
221,2002.0,350000.0,194.0,350000.0,3.0,3.0,3.0,,0,1,0,0,0,0,0,0,0,0,0,Chicago
222,2009.0,649000.0,162.0,649000.0,4.0,4.0,3.0,3598.0,1,0,0,0,1,0,0,0,0,0,0,Chicago
223,1923.0,190000.0,259.0,190000.0,2.0,1.0,1.0,,0,1,0,0,0,0,0,0,0,0,1,Chicago
224,1909.0,299000.0,327.0,299000.0,1.0,1.0,1.0,,0,1,0,0,0,0,0,0,0,0,0,Chicago
225,1993.0,469000.0,361.0,469000.0,2.0,2.0,2.0,,0,1,0,0,0,0,0,0,0,0,0,Chicago
226,1900.0,349900.0,159.0,349900.0,4.0,2.0,2.0,3136.0,0,0,0,0,1,0,0,0,0,0,0,Chicago
227,1921.0,275000.0,146.0,275000.0,3.0,2.0,2.0,,0,1,0,0,0,0,1,0,0,0,0,Chicago
228,,209900.0,,209900.0,2.0,1.0,1.0,,0,1,0,0,0,0,0,0,0,0,0,Chicago
229,2006.0,250000.0,313.0,250000.0,1.0,1.0,1.0,,0,1,0,0,0,0,0,0,0,0,0,Chicago
230,1965.0,79900.0,67.0,79900.0,4.0,2.0,2.0,4373.0,0,0,0,0,1,0,1,0,0,0,0,Chicago
231,1991.0,530000.0,421.0,530000.0,2.0,2.0,2.0,,0,1,0,0,0,0,0,0,0,0,0,Chicago
232,1906.0,119000.0,72.0,119000.0,5.0,2.0,2.0,3136.0,0,0,0,0,1,0,1,0,0,0,0,Chicago
233,1916.0,140000.0,169.0,140000.0,5.0,2.0,2.0,3659.0,0,0,0,0,1,0,1,0,0,0,0,Chicago
234,1910.0,59900.0,50.0,59900.0,5.0,2.0,2.0,4094.0,0,0,0,0,1,0,1,0,0,0,0,Chicago
235,1912.0,97000.0,101.0,97000.0,5.0,2.0,2.0,3746.0,0,0,0,0,1,0,1,0,0,0,0,Chicago
236,1910.0,900000.0,90.0,900000.0,6.0,6.0,3.0,9883.0,3,0,0,0,1,0,0,0,0,0,0,Chicago
237,1970.0,269900.0,169.0,269900.0,2.0,2.0,2.0,,0,1,0,0,0,0,1,0,0,0,0,Chicago
238,1897.0,397900.0,306.0,397900.0,3.0,2.0,1.0,3750.0,1,0,0,0,1,0,0,0,0,0,0,Chicago
239,2005.0,324900.0,406.0,324900.0,1.0,1.0,1.0,,0,1,0,0,0,0,0,0,0,0,0,Chicago
240,1908.0,645000.0,262.0,645000.0,4.0,3.0,2.0,6751.0,1,0,0,0,1,0,0,0,0,0,0,Chicago
241,2002.0,400000.0,250.0,400000.0,3.0,2.0,2.0,,0,1,0,0,0,0,0,0,0,0,0,Chicago
242,1987.0,325000.0,220.0,325000.0,5.0,3.0,2.0,4312.0,1,0,0,0,1,0,0,0,0,0,0,Chicago
243,1924.0,924500.0,208.0,924500.0,5.0,5.0,4.0,7440.0,1,0,0,0,1,0,0,0,0,0,0,Chicago
244,2005.0,599000.0,337.0,599000.0,2.0,3.0,2.0,,1,1,0,0,0,0,0,0,0,0,0,Chicago
245,2011.0,549000.0,,549000.0,2.0,2.0,2.0,,0,1,0,0,0,0,0,0,0,0,0,Chicago
246,1983.0,95000.0,86.0,95000.0,2.0,2.0,1.0,27.0,1,0,0,0,0,1,0,0,0,0,0,Chicago
247,1935.0,249900.0,231.0,249900.0,3.0,2.0,2.0,6011.0,0,0,0,0,1,0,0,0,0,0,0,Chicago
248,1910.0,979900.0,576.0,979900.0,2.0,2.0,2.0,,0,1,0,0,0,0,0,0,0,0,0,Chicago
249,1895.0,1150000.0,,1150000.0,6.0,5.0,5.0,,0,0,1,0,0,0,0,0,0,0,0,Chicago
250,2006.0,475000.0,350.0,475000.0,2.0,2.0,2.0,,0,1,0,0,0,0,0,0,0,0,0,Chicago
251,2020.0,899000.0,,899000.0,6.0,6.0,6.0,,0,0,1,0,0,0,0,0,0,0,0,Chicago
252,1926.0,275000.0,234.0,275000.0,4.0,2.0,2.0,3702.0,0,0,0,0,1,0,0,0,0,0,0,Chicago
253,2020.0,799999.0,,799999.0,9.0,5.0,5.0,,0,0,1,0,0,0,1,0,0,0,0,Chicago
254,1952.0,499000.0,208.0,499000.0,4.0,3.0,3.0,3746.0,0,0,0,0,1,0,0,0,0,0,0,Chicago
255,1890.0,85000.0,71.0,85000.0,4.0,2.0,2.0,2879.0,0,0,0,0,1,0,1,0,0,0,0,Chicago
256,2020.0,405872.0,162.0,405872.0,4.0,2.0,2.0,,0,0,0,0,1,0,1,0,0,0,0,Chicago
257,1945.0,139000.0,154.0,139000.0,2.0,1.0,1.0,2029.0,0,0,0,0,1,0,0,0,0,0,0,Chicago
258,1880.0,645000.0,226.0,645000.0,4.0,4.0,3.0,3070.0,1,0,0,0,1,0,0,0,0,0,0,Chicago
259,2001.0,574900.0,359.0,574900.0,2.0,2.0,2.0,,0,1,0,0,0,0,0,0,0,0,0,Chicago
260,1985.0,349900.0,292.0,349900.0,3.0,2.0,2.0,3746.0,0,0,0,0,1,0,0,0,0,0,0,Chicago
261,2001.0,295000.0,197.0,295000.0,3.0,3.0,2.0,1531.0,1,0,0,0,0,1,0,0,0,0,0,Chicago
262,1925.0,285000.0,114.0,285000.0,4.0,3.0,3.0,4835.0,0,0,0,0,1,0,0,0,0,0,0,Chicago
263,1925.0,238000.0,340.0,238000.0,2.0,1.0,1.0,,0,1,0,0,0,0,0,0,0,0,0,Chicago
264,1920.0,265000.0,279.0,265000.0,2.0,2.0,2.0,,0,1,0,0,0,0,0,0,0,0,0,Chicago
265,2005.0,450000.0,192.0,450000.0,4.0,3.0,3.0,3179.0,0,0,0,0,1,0,0,0,0,0,0,Chicago
266,1922.0,415000.0,165.0,415000.0,4.0,3.0,3.0,9448.0,0,0,0,0,1,0,0,0,0,0,0,Chicago
267,1885.0,50000.0,33.0,50000.0,3.0,2.0,1.0,6229.0,1,0,0,0,1,0,0,0,0,0,0,Chicago
268,1890.0,39900.0,34.0,39900.0,4.0,2.0,2.0,3750.0,0,0,0,0,1,0,1,0,0,0,0,Chicago
269,2008.0,629000.0,348.0,629000.0,3.0,2.0,2.0,,0,1,0,0,0,0,0,0,0,0,0,Chicago
270,,167900.0,168.0,167900.0,2.0,2.0,2.0,,0,1,0,0,0,0,0,0,0,0,0,Chicago
271,1968.0,299000.0,239.0,299000.0,2.0,2.0,2.0,,0,1,0,0,0,0,0,0,0,0,0,Chicago
272,1951.0,350000.0,231.0,350000.0,5.0,2.0,2.0,4225.0,0,0,0,0,1,0,0,0,0,0,0,Chicago
273,1905.0,430000.0,,430000.0,9.0,5.0,5.0,,0,0,0,1,0,0,1,0,0,0,0,Chicago
274,1941.0,196900.0,,196900.0,6.0,2.0,2.0,,0,0,1,0,0,0,1,0,0,0,0,Chicago
275,1948.0,389000.0,185.0,389000.0,3.0,3.0,2.0,4007.0,1,0,0,0,1,0,0,0,0,0,0,Chicago
276,1900.0,169900.0,227.0,169900.0,1.0,1.0,1.0,,0,1,0,0,0,0,0,0,0,0,0,Chicago
277,1961.0,235000.0,230.0,235000.0,5.0,2.0,2.0,3149.0,0,0,0,0,1,0,0,0,0,0,0,Chicago
278,1966.0,199000.0,20.0,199000.0,4.0,2.0,2.0,2744.0,0,0,0,0,1,0,0,0,0,0,0,Chicago
279,2008.0,275000.0,366.0,275000.0,1.0,1.0,1.0,,0,1,0,0,0,0,0,0,0,0,0,Chicago
280,1920.0,209900.0,178.0,209900.0,4.0,3.0,3.0,4617.0,0,0,0,0,1,0,0,0,0,0,0,Chicago
281,1879.0,170000.0,131.0,170000.0,5.0,2.0,2.0,3125.0,0,0,0,0,1,0,1,0,0,0,0,Chicago
282,1922.0,599000.0,189.0,599000.0,6.0,3.0,3.0,3811.0,0,0,0,0,1,0,0,0,0,0,0,Chicago
283,1963.0,339900.0,206.0,339900.0,2.0,2.0,2.0,,0,1,0,0,0,0,0,0,0,0,0,Chicago
284,1919.0,424900.0,319.0,424900.0,2.0,2.0,2.0,,0,1,0,0,0,0,0,0,0,0,0,Chicago
285,1944.0,249900.0,147.0,249900.0,4.0,2.0,2.0,3702.0,0,0,0,0,1,0,0,0,0,0,0,Chicago
286,1880.0,775000.0,,775000.0,7.0,3.0,3.0,,0,0,1,0,0,0,1,0,0,0,0,Chicago
287,1898.0,54900.0,,54900.0,6.0,2.0,2.0,,0,0,1,0,0,0,1,0,0,0,0,Chicago
288,2020.0,1650900.0,523.0,1650900.0,4.0,4.0,3.0,,1,0,1,0,0,0,0,0,0,0,0,Chicago
289,,1085000.0,650.0,1085000.0,3.0,3.0,2.0,,1,1,0,0,0,0,0,0,0,0,0,Chicago
290,1911.0,4300000.0,843.0,4300000.0,4.0,4.0,4.0,,0,1,0,0,0,0,0,0,0,0,0,Chicago
291,1910.0,279000.0,,279000.0,6.0,2.0,2.0,,0,0,1,0,0,0,1,0,0,0,0,Chicago
292,1922.0,155000.0,,155000.0,1.0,1.0,1.0,,0,1,0,0,0,0,0,0,0,0,0,Chicago
293,2002.0,435000.0,390.0,435000.0,2.0,2.0,2.0,,0,1,0,0,0,0,0,0,0,0,0,Chicago
294,2020.0,819900.0,356.0,819900.0,4.0,3.0,2.0,,1,1,0,0,0,0,0,0,0,0,0,Chicago
295,2012.0,745000.0,257.0,745000.0,4.0,3.0,3.0,,0,1,0,0,0,0,0,0,0,0,0,Chicago
296,2007.0,675000.0,346.0,675000.0,4.0,3.0,2.0,4925.0,1,0,0,0,1,0,0,0,0,0,0,Chicago
297,1926.0,270000.0,281.0,270000.0,2.0,1.0,1.0,,0,1,0,0,0,0,0,0,0,0,0,Chicago
298,2013.0,849900.0,283.0,849900.0,4.0,3.0,3.0,,0,1,0,0,0,0,0,0,0,0,0,Chicago
299,1975.0,3485000.0,614.0,3485000.0,3.0,3.0,2.0,,1,1,0,0,0,0,0,0,0,0,0,Chicago
300,2001.0,255000.0,319.0,255000.0,1.0,1.0,1.0,,0,1,0,0,0,0,0,0,0,0,0,Chicago
301,2007.0,440000.0,458.0,440000.0,1.0,2.0,1.0,,1,1,0,0,0,0,0,0,0,0,0,Chicago
302,2001.0,299000.0,415.0,299000.0,1.0,1.0,1.0,,0,1,0,0,0,0,0,0,0,0,0,Chicago
303,1920.0,159000.0,167.0,159000.0,2.0,1.0,1.0,,0,1,0,0,0,0,0,0,0,0,0,Chicago
304,1895.0,789000.0,415.0,789000.0,5.0,3.0,3.0,,0,0,1,0,0,0,0,0,0,0,0,Chicago
305,1915.0,145000.0,242.0,145000.0,1.0,1.0,1.0,,0,1,0,0,0,0,0,0,0,0,0,Chicago
306,1908.0,579000.0,276.0,579000.0,3.0,3.0,2.0,,1,1,0,0,0,0,0,0,0,0,0,Chicago
307,2002.0,445000.0,371.0,445000.0,2.0,2.0,2.0,,0,1,0,0,0,0,0,0,0,0,0,Chicago
308,1973.0,739000.0,477.0,739000.0,3.0,2.0,2.0,,0,1,0,0,0,0,0,0,0,0,0,Chicago
309,1951.0,184900.0,185.0,184900.0,3.0,1.0,1.0,6072.0,0,0,0,0,1,0,0,0,0,0,0,Chicago
310,1960.0,284000.0,183.0,284000.0,4.0,2.0,2.0,3136.0,0,0,0,0,1,0,0,0,0,0,0,Chicago
311,1945.0,99900.0,107.0,99900.0,2.0,1.0,1.0,3427.0,0,0,0,0,0,1,0,0,0,0,0,Chicago
312,1900.0,125000.0,87.0,125000.0,3.0,1.0,1.0,3149.0,0,0,0,0,1,0,1,0,0,0,0,Chicago
313,1969.0,835000.0,390.0,835000.0,3.0,3.0,2.0,,1,1,0,0,0,0,0,0,0,0,1,Chicago
314,1997.0,500000.0,333.0,500000.0,2.0,3.0,3.0,,0,0,0,0,0,1,0,0,0,0,0,Chicago
315,2008.0,1600000.0,225.0,1600000.0,8.0,6.0,5.0,9510.0,1,0,0,0,1,0,0,0,0,0,0,Chicago
316,1979.0,665000.0,,665000.0,3.0,3.0,2.0,73.0,1,0,0,0,0,1,0,0,0,0,0,Chicago
317,2007.0,1999999.0,322.0,1999999.0,6.0,6.0,5.0,3750.0,1,0,0,0,1,0,0,0,0,0,0,Chicago
318,2007.0,1999999.0,322.0,1999999.0,6.0,6.0,5.0,3750.0,1,0,0,0,1,0,0,0,0,0,0,Chicago
319,1880.0,1400000.0,491.0,1400000.0,4.0,5.0,4.0,1655.0,1,0,0,0,1,0,0,0,0,0,0,Chicago
320,,199900.0,,199900.0,6.0,2.0,2.0,,0,0,1,0,0,0,0,0,0,0,0,Chicago
321,1951.0,249900.0,254.0,249900.0,4.0,2.0,2.0,3750.0,0,0,0,0,1,0,0,0,0,0,0,Chicago
322,1954.0,489900.0,241.0,489900.0,3.0,2.0,2.0,4852.0,0,0,0,0,1,0,0,0,0,0,0,Chicago
323,1966.0,135000.0,82.0,135000.0,4.0,2.0,2.0,5000.0,0,0,0,0,1,0,0,0,0,0,0,Chicago
324,1914.0,644500.0,,644500.0,8.0,5.0,5.0,,0,0,0,1,0,0,0,0,0,0,0,Chicago
325,1914.0,275000.0,196.0,275000.0,2.0,1.0,1.0,,0,1,0,0,0,0,1,0,0,0,0,Chicago
326,1955.0,265000.0,411.0,265000.0,0.0,1.0,1.0,,0,1,0,0,0,0,0,0,0,0,0,Chicago
327,2007.0,2950000.0,476.0,2950000.0,6.0,6.0,5.0,3750.0,1,0,0,0,1,0,0,0,0,0,0,Chicago
328,1955.0,264500.0,315.0,264500.0,1.0,1.0,1.0,,0,1,0,0,0,0,0,0,0,0,0,Chicago
329,1974.0,379000.0,316.0,379000.0,3.0,1.0,1.0,3123.0,0,0,0,0,1,0,0,0,0,0,0,Chicago
330,1969.0,205000.0,342.0,205000.0,0.0,1.0,1.0,,0,1,0,0,0,0,0,0,0,0,0,Chicago
331,1973.0,289900.0,,289900.0,1.0,1.0,1.0,,0,1,0,0,0,0,1,0,0,0,0,Chicago
332,2018.0,649000.0,240.0,649000.0,4.0,4.0,3.0,3199.0,1,0,0,0,1,0,0,0,0,0,0,Chicago
333,2007.0,1120000.0,605.0,1120000.0,2.0,2.0,2.0,,0,1,0,0,0,0,0,0,0,0,0,Chicago
334,1972.0,330000.0,275.0,330000.0,2.0,2.0,1.0,,1,1,0,0,0,0,1,0,0,0,0,Chicago
335,2006.0,489000.0,163.0,489000.0,5.0,4.0,3.0,4430.0,1,0,0,0,1,0,0,0,0,0,0,Chicago
336,1963.0,365000.0,429.0,365000.0,1.0,1.0,1.0,,0,1,0,0,0,0,0,0,0,0,0,Chicago
337,1895.0,290000.0,331.0,290000.0,1.0,1.0,1.0,,0,1,0,0,0,0,0,0,0,0,0,Chicago
338,1900.0,749000.0,,749000.0,6.0,3.0,3.0,,0,0,0,1,0,0,1,0,0,0,0,Chicago
339,1920.0,1150000.0,,1150000.0,6.0,5.0,3.0,,2,0,1,0,0,0,0,0,0,0,0,Chicago
340,1921.0,279000.0,179.0,279000.0,4.0,3.0,3.0,5366.0,0,0,0,0,1,0,0,0,0,0,0,Chicago
341,2003.0,475000.0,245.0,475000.0,3.0,3.0,3.0,,0,1,0,0,0,0,0,0,0,0,0,Chicago
342,1918.0,315000.0,297.0,315000.0,2.0,2.0,2.0,,0,1,0,0,0,0,0,0,0,0,0,Chicago
343,1911.0,1799888.0,443.0,1799888.0,3.0,3.0,2.0,,1,1,0,0,0,0,0,0,0,0,0,Chicago
344,1956.0,309000.0,308.0,309000.0,3.0,1.0,1.0,4748.0,0,0,0,0,1,0,0,0,0,0,0,Chicago
345,1908.0,585000.0,585.0,585000.0,7.0,3.0,3.0,,0,0,0,1,0,0,0,0,0,0,0,Chicago
346,,164900.0,150.0,164900.0,2.0,2.0,2.0,,0,1,0,0,0,0,0,0,0,0,0,Chicago
347,2007.0,659000.0,388.0,659000.0,4.0,3.0,,,0,1,0,0,0,0,0,0,0,0,0,Chicago
348,1974.0,192900.0,241.0,192900.0,1.0,1.0,1.0,,0,1,0,0,0,0,1,0,0,0,0,Chicago
349,1891.0,389000.0,146.0,389000.0,6.0,3.0,3.0,,0,0,1,0,0,0,0,0,0,0,0,Chicago
350,1924.0,425000.0,236.0,425000.0,3.0,2.0,2.0,,0,1,0,0,0,0,1,0,0,0,0,Chicago
351,2007.0,329000.0,199.0,329000.0,3.0,2.0,2.0,,0,1,0,0,0,0,0,0,0,0,0,Chicago
352,1940.0,159900.0,178.0,159900.0,2.0,1.0,1.0,,0,1,0,0,0,0,0,0,0,0,0,Chicago
353,1974.0,169900.0,170.0,169900.0,2.0,1.0,1.0,,0,1,0,0,0,0,1,0,0,0,0,Chicago
354,2020.0,1049000.0,,1049000.0,4.0,3.0,2.0,,1,1,0,0,0,0,0,0,0,0,0,Chicago
355,1910.0,299900.0,250.0,299900.0,2.0,1.0,1.0,,0,1,0,0,0,0,1,0,0,0,0,Chicago
356,1972.0,55000.0,51.0,55000.0,5.0,2.0,2.0,,0,0,0,1,0,0,1,0,0,0,0,Chicago
357,1899.0,299000.0,299.0,299000.0,2.0,1.0,1.0,,0,1,0,0,0,0,0,1,0,0,0,Chicago
358,1899.0,299000.0,299.0,299000.0,2.0,1.0,1.0,,0,1,0,0,0,0,0,1,0,0,0,Chicago
359,2001.0,625000.0,347.0,625000.0,3.0,2.0,2.0,,0,1,0,0,0,0,0,0,0,0,0,Chicago
360,1890.0,549900.0,275.0,549900.0,3.0,2.0,1.0,2940.0,1,0,0,0,1,0,0,0,0,0,0,Chicago
361,1969.0,249000.0,131.0,249000.0,3.0,2.0,2.0,,0,1,0,0,0,0,0,0,0,0,0,Chicago
362,1910.0,1250000.0,,1250000.0,10.0,6.0,6.0,,0,0,0,1,0,0,0,0,0,0,0,Chicago
363,2009.0,375000.0,352.0,375000.0,2.0,2.0,2.0,,0,1,0,0,0,0,0,0,0,0,0,Chicago
364,1910.0,295000.0,,295000.0,2.0,2.0,2.0,,0,1,0,0,0,0,0,0,0,0,0,Chicago
365,1900.0,450000.0,328.0,450000.0,3.0,2.0,2.0,,0,1,0,0,0,0,0,0,0,0,0,Chicago
366,1910.0,999000.0,,999000.0,7.0,6.0,6.0,,0,0,1,0,0,0,0,0,0,0,0,Chicago
367,1968.0,179900.0,,179900.0,1.0,1.0,1.0,,0,1,0,0,0,0,1,0,0,0,0,Chicago
368,1888.0,110000.0,,110000.0,5.0,2.0,2.0,,0,0,1,0,0,0,1,0,0,0,0,Chicago
369,1968.0,179900.0,,179900.0,1.0,1.0,1.0,,0,1,0,0,0,0,1,0,0,0,0,Chicago
370,1928.0,299500.0,136.0,299500.0,5.0,2.0,2.0,3750.0,0,0,0,0,1,0,0,0,0,0,0,Chicago
371,1911.0,300000.0,261.0,300000.0,2.0,1.0,1.0,,0,1,0,0,0,0,0,0,0,0,0,Chicago
372,,315000.0,,315000.0,2.0,1.0,1.0,,0,1,0,0,0,0,0,0,0,0,0,Chicago
373,1923.0,890000.0,297.0,890000.0,3.0,4.0,4.0,,0,1,0,0,0,0,1,0,0,0,0,Chicago
374,1963.0,179900.0,300.0,179900.0,1.0,1.0,1.0,,0,1,0,0,0,0,0,1,0,0,0,Chicago
375,1991.0,248000.0,382.0,248000.0,1.0,1.0,1.0,,0,1,0,0,0,0,0,0,0,0,0,Chicago
376,,224995.0,150.0,224995.0,2.0,2.0,2.0,,0,1,0,0,0,0,1,0,0,0,0,Chicago
377,2003.0,225000.0,281.0,225000.0,1.0,1.0,1.0,,0,1,0,0,0,0,0,0,0,0,0,Chicago
378,1969.0,439000.0,337.0,439000.0,3.0,2.0,1.0,1427.0,1,0,0,0,0,1,0,0,0,0,0,Chicago
379,1925.0,274900.0,257.0,274900.0,3.0,2.0,1.0,4125.0,1,0,0,0,1,0,1,0,0,0,0,Chicago
380,,3300000.0,660.0,3300000.0,5.0,7.0,6.0,7840.0,1,0,0,0,1,0,0,0,0,0,0,Chicago
381,,185000.0,206.0,185000.0,1.0,1.0,1.0,,0,1,0,0,0,0,0,0,0,0,0,Chicago
382,1942.0,449000.0,113.0,449000.0,5.0,2.0,2.0,4660.0,0,0,0,0,1,0,0,0,0,0,0,Chicago
383,1924.0,299900.0,,299900.0,1.0,1.0,1.0,,0,1,0,0,0,0,1,0,0,0,0,Chicago
384,1912.0,750000.0,147.0,750000.0,4.0,4.0,3.0,9191.0,1,0,0,0,1,0,0,0,0,0,0,Chicago
385,1921.0,289000.0,241.0,289000.0,3.0,2.0,2.0,,0,1,0,0,0,0,0,0,0,0,0,Chicago
386,,284995.0,190.0,284995.0,3.0,2.0,2.0,,0,1,0,0,0,0,1,0,0,0,0,Chicago
387,2007.0,535000.0,382.0,535000.0,2.0,2.0,2.0,,0,1,0,0,0,0,0,0,0,0,0,Chicago
388,,274995.0,183.0,274995.0,3.0,2.0,2.0,,0,1,0,0,0,0,1,0,0,0,0,Chicago
389,1974.0,230000.0,184.0,230000.0,2.0,2.0,2.0,,0,1,0,0,0,0,0,0,0,0,0,Chicago
390,2019.0,1025000.0,513.0,1025000.0,3.0,3.0,2.0,,1,1,0,0,0,0,0,0,0,0,0,Chicago
391,1927.0,359900.0,228.0,359900.0,3.0,3.0,1.0,4704.0,2,0,0,0,1,0,1,0,0,0,0,Chicago
392,1875.0,425000.0,184.0,425000.0,4.0,2.0,2.0,,0,0,1,0,0,0,1,0,0,0,0,Chicago
393,1921.0,234900.0,303.0,234900.0,2.0,2.0,2.0,,0,1,0,0,0,0,0,0,0,0,0,Chicago
394,1972.0,229000.0,269.0,229000.0,1.0,1.0,1.0,,0,1,0,0,0,0,0,1,0,0,0,Chicago
395,2020.0,3000000.0,3000000.0,3000000.0,5.0,6.0,5.0,,1,1,0,0,0,0,0,0,0,0,0,Chicago
396,1950.0,379900.0,171.0,379900.0,3.0,3.0,3.0,4251.0,0,0,0,0,1,0,0,0,0,0,0,Chicago
397,2000.0,475000.0,352.0,475000.0,2.0,2.0,2.0,,0,1,0,0,0,0,0,0,0,0,0,Chicago
398,2003.0,485000.0,373.0,485000.0,2.0,2.0,2.0,,0,1,0,0,0,0,0,0,0,0,0,Chicago
399,,894900.0,,894900.0,11.0,4.0,4.0,,0,0,0,1,0,0,1,0,0,0,0,Chicago
400,1913.0,449900.0,,449900.0,9.0,3.0,3.0,,0,0,0,1,0,0,1,0,0,0,0,Chicago
401,1911.0,350000.0,342.0,350000.0,2.0,2.0,1.0,,1,1,0,0,0,0,0,0,0,0,0,Chicago
402,1990.0,469000.0,375.0,469000.0,2.0,2.0,2.0,,0,1,0,0,0,0,0,0,0,0,0,Chicago
403,2011.0,439900.0,,439900.0,2.0,2.0,2.0,,0,1,0,0,0,0,0,0,0,0,0,Chicago
404,1885.0,2000000.0,500.0,2000000.0,8.0,6.0,6.0,,0,0,0,1,0,0,0,0,0,0,0,Chicago
405,1920.0,315000.0,315.0,315000.0,2.0,1.0,1.0,,0,1,0,0,0,0,0,0,0,0,0,Chicago
406,1951.0,299900.0,214.0,299900.0,3.0,3.0,2.0,,1,1,0,0,0,0,0,0,0,0,0,Chicago
407,1900.0,165000.0,126.0,165000.0,3.0,2.0,2.0,4687.0,0,0,0,0,1,0,1,0,0,0,0,Chicago
408,2008.0,695000.0,232.0,695000.0,5.0,4.0,3.0,4029.0,1,0,0,0,1,0,0,0,0,0,0,Chicago
409,2008.0,380000.0,330.0,380000.0,2.0,2.0,2.0,,0,1,0,0,0,0,0,0,0,0,0,Chicago
410,1930.0,270000.0,386.0,270000.0,1.0,1.0,1.0,,0,1,0,0,0,0,0,0,0,0,0,Chicago
411,1963.0,297500.0,350.0,297500.0,1.0,1.0,1.0,,0,1,0,0,0,0,0,1,0,0,0,Chicago
412,1905.0,599995.0,286.0,599995.0,4.0,2.0,2.0,3123.0,0,0,0,0,1,0,0,0,0,0,0,Chicago
413,2001.0,430000.0,269.0,430000.0,3.0,2.0,2.0,,0,1,0,0,0,0,0,0,0,0,0,Chicago
414,1913.0,275000.0,,275000.0,2.0,1.0,1.0,,0,1,0,0,0,0,1,0,0,0,0,Chicago
415,1939.0,99999.0,116.0,99999.0,1.0,1.0,1.0,,0,1,0,0,0,0,0,1,0,0,0,Chicago
416,1990.0,315000.0,406.0,315000.0,1.0,1.0,1.0,,0,1,0,0,0,0,0,0,0,0,0,Chicago
417,1953.0,142500.0,100.0,142500.0,4.0,2.0,1.0,3789.0,1,0,0,0,1,0,0,0,0,0,0,Chicago
418,1905.0,325000.0,,325000.0,4.0,2.0,2.0,,0,0,1,0,0,0,1,0,0,0,0,Chicago
419,1920.0,330000.0,330.0,330000.0,2.0,1.0,1.0,,0,1,0,0,0,0,0,0,0,0,1,Chicago
420,1908.0,475000.0,,475000.0,2.0,3.0,2.0,,1,1,0,0,0,0,0,0,0,0,0,Chicago
421,1962.0,225000.0,450.0,225000.0,0.0,1.0,1.0,,0,1,0,0,0,0,0,1,0,0,0,Chicago
422,1925.0,169999.0,163.0,169999.0,2.0,1.0,1.0,,0,1,0,0,0,0,0,0,0,0,0,Chicago
423,1957.0,137500.0,153.0,137500.0,2.0,1.0,1.0,,0,1,0,0,0,0,1,0,0,0,0,Chicago
424,1920.0,299000.0,199.0,299000.0,2.0,1.0,1.0,,0,1,0,0,0,0,1,0,0,0,0,Chicago
425,1910.0,849000.0,849.0,849000.0,7.0,5.0,5.0,,0,0,1,0,0,0,0,0,0,0,0,Chicago
426,2008.0,447000.0,344.0,447000.0,2.0,2.0,2.0,,0,1,0,0,0,0,0,0,0,0,0,Chicago
427,,525000.0,,525000.0,5.0,2.0,2.0,,0,0,0,1,0,0,1,0,0,0,0,Chicago
428,1951.0,289000.0,361.0,289000.0,1.0,1.0,1.0,,0,1,0,0,0,0,0,0,0,0,0,Chicago
429,1900.0,599000.0,499.0,599000.0,12.0,7.0,7.0,,0,0,1,0,0,0,1,0,0,0,0,Chicago
430,1924.0,395000.0,304.0,395000.0,2.0,1.0,1.0,,0,1,0,0,0,0,0,0,1,0,0,Chicago
431,2019.0,499900.0,147.0,499900.0,5.0,3.0,3.0,,0,1,0,0,0,0,0,0,0,0,0,Chicago
432,1967.0,120000.0,115.0,120000.0,4.0,2.0,1.0,3149.0,1,0,0,0,1,0,0,0,0,0,0,Chicago
433,2016.0,599999.0,317.0,599999.0,3.0,3.0,2.0,,1,1,0,0,0,0,0,0,0,0,0,Chicago
434,2005.0,369000.0,,369000.0,2.0,2.0,2.0,,0,1,0,0,0,0,0,0,0,0,0,Chicago
435,2004.0,349000.0,291.0,349000.0,2.0,2.0,2.0,,0,1,0,0,0,0,0,0,0,0,0,Chicago
436,2016.0,574900.0,,574900.0,2.0,2.0,2.0,,0,1,0,0,0,0,0,0,0,0,0,Chicago
437,1987.0,520000.0,289.0,520000.0,2.0,3.0,2.0,,1,0,0,0,0,1,0,0,0,0,0,Chicago
438,2005.0,330000.0,114.0,330000.0,2.0,3.0,3.0,,0,1,0,0,0,0,0,0,0,0,0,Chicago
439,1912.0,329900.0,187.0,329900.0,4.0,3.0,3.0,3789.0,0,0,0,0,1,0,0,0,0,0,0,Chicago
440,1907.0,225000.0,,225000.0,1.0,1.0,1.0,,0,1,0,0,0,0,0,0,0,0,0,Chicago
441,1958.0,244900.0,226.0,244900.0,3.0,2.0,2.0,4373.0,0,0,0,0,1,0,0,0,0,0,0,Chicago
442,2006.0,699000.0,339.0,699000.0,3.0,3.0,3.0,,0,1,0,0,0,0,0,0,0,0,0,Chicago
443,1913.0,295000.0,,295000.0,2.0,1.0,1.0,,0,1,0,0,0,0,0,0,0,0,0,Chicago
444,1969.0,259000.0,235.0,259000.0,4.0,2.0,2.0,3175.0,0,0,0,0,1,0,0,0,0,0,0,Chicago
445,1892.0,499000.0,312.0,499000.0,3.0,2.0,2.0,,0,1,0,0,0,0,0,0,0,0,0,Chicago
446,1966.0,189900.0,271.0,189900.0,1.0,1.0,1.0,,0,1,0,0,0,0,0,0,1,0,0,Chicago
447,,780000.0,,780000.0,5.0,2.0,2.0,,0,0,1,0,0,0,1,0,0,0,0,Chicago
448,1941.0,199900.0,143.0,199900.0,3.0,2.0,2.0,5292.0,0,0,0,0,1,0,0,0,0,0,0,Chicago
449,1989.0,490000.0,384.0,490000.0,2.0,2.0,2.0,,0,1,0,0,0,0,0,0,0,0,0,Chicago
450,,610000.0,424.0,610000.0,2.0,2.0,2.0,,0,1,0,0,0,0,0,0,0,0,0,Chicago
451,1922.0,230000.0,,230000.0,1.0,1.0,1.0,,0,1,0,0,0,0,0,0,0,0,0,Chicago
452,2008.0,214000.0,304.0,214000.0,1.0,1.0,1.0,,0,1,0,0,0,0,0,0,0,0,0,Chicago
453,1920.0,339999.0,,339999.0,2.0,2.0,2.0,,0,1,0,0,0,0,0,0,0,0,0,Chicago
454,1986.0,219900.0,197.0,219900.0,2.0,2.0,2.0,,0,1,0,0,0,0,1,0,0,0,0,Chicago
455,2002.0,249000.0,208.0,249000.0,2.0,2.0,2.0,,0,1,0,0,0,0,0,0,0,0,0,Chicago
456,1973.0,169000.0,307.0,169000.0,1.0,1.0,1.0,,0,1,0,0,0,0,0,0,0,0,0,Chicago
457,2006.0,445000.0,,445000.0,2.0,2.0,2.0,,0,1,0,0,0,0,0,0,0,0,0,Chicago
458,,1900.0,,1900.0,3.0,,,,0,0,0,0,1,0,0,1,0,0,0,Chicago
459,1892.0,539000.0,,539000.0,9.0,3.0,3.0,,0,0,0,1,0,0,1,0,0,0,0,Chicago
460,2007.0,130000.0,113.0,130000.0,3.0,2.0,1.0,3001.0,1,0,0,0,1,0,0,0,0,0,0,Chicago
461,2001.0,409000.0,188.0,409000.0,4.0,3.0,3.0,4007.0,0,0,0,0,1,0,0,0,0,0,0,Chicago
462,2007.0,412900.0,,412900.0,2.0,2.0,2.0,,0,1,0,0,0,0,0,0,0,0,0,Chicago
463,1906.0,229000.0,249.0,229000.0,1.0,1.0,1.0,,0,1,0,0,0,0,0,0,0,0,0,Chicago
464,1910.0,142000.0,118.0,142000.0,2.0,1.0,1.0,,0,1,0,0,0,0,0,0,0,0,0,Chicago
465,1920.0,379000.0,345.0,379000.0,4.0,3.0,2.0,4687.0,1,0,0,0,1,0,0,0,0,0,0,Chicago
466,1888.0,299900.0,182.0,299900.0,11.0,3.0,3.0,,0,0,0,1,0,0,1,0,0,0,0,Chicago
467,1926.0,425000.0,281.0,425000.0,2.0,2.0,1.0,,1,1,0,0,0,0,0,0,0,0,0,Chicago
468,2004.0,269999.0,208.0,269999.0,2.0,2.0,,,0,1,0,0,0,0,0,0,0,0,0,Chicago
469,,1660000.0,738.0,1660000.0,3.0,4.0,3.0,,1,0,0,0,1,0,0,0,0,0,0,Chicago
470,1963.0,289900.0,,289900.0,1.0,1.0,1.0,,0,1,0,0,0,0,1,0,0,0,0,Chicago
471,2020.0,550000.0,,550000.0,8.0,6.0,6.0,,0,0,0,1,0,0,1,0,0,0,0,Chicago
472,1923.0,339900.0,347.0,339900.0,6.0,3.0,2.0,3123.0,1,0,0,0,1,0,0,0,0,0,0,Chicago
473,1899.0,349999.0,370.0,349999.0,2.0,2.0,2.0,,0,1,0,0,0,0,0,0,0,0,0,Chicago
474,1956.0,250000.0,244.0,250000.0,3.0,2.0,2.0,3781.0,0,0,0,0,1,0,0,0,0,0,0,Chicago
475,,185000.0,154.0,185000.0,3.0,2.0,1.0,,1,1,0,0,0,0,0,0,0,0,0,Chicago
476,2003.0,229900.0,,229900.0,2.0,2.0,2.0,,0,1,0,0,0,0,0,0,0,0,0,Chicago
477,1928.0,449000.0,234.0,449000.0,3.0,2.0,1.0,4720.0,1,0,0,0,1,0,1,0,0,0,0,Chicago
478,1983.0,280000.0,252.0,280000.0,2.0,2.0,2.0,,0,1,0,0,0,0,0,1,0,0,0,Chicago
479,1973.0,325000.0,271.0,325000.0,2.0,2.0,2.0,,0,1,0,0,0,0,0,0,0,0,0,Chicago
480,2006.0,465000.0,,465000.0,2.0,2.0,2.0,,0,1,0,0,0,0,0,0,0,0,0,Chicago
481,1932.0,750000.0,300.0,750000.0,4.0,3.0,3.0,,0,1,0,0,0,0,1,0,0,0,0,Chicago
482,1928.0,453000.0,262.0,453000.0,8.0,3.0,3.0,4704.0,0,0,0,0,1,0,0,0,0,0,0,Chicago
483,1925.0,429000.0,390.0,429000.0,6.0,3.0,3.0,,0,0,1,0,0,0,1,0,0,0,0,Chicago
484,1915.0,599900.0,,599900.0,5.0,3.0,3.0,,0,0,1,0,0,0,1,0,0,0,0,Chicago
485,2003.0,538900.0,,538900.0,3.0,3.0,2.0,,1,1,0,0,0,0,0,0,0,0,0,Chicago
486,1921.0,399000.0,246.0,399000.0,3.0,2.0,2.0,4961.0,0,0,0,0,1,0,0,0,0,0,0,Chicago
487,1927.0,275000.0,,275000.0,6.0,4.0,3.0,,1,0,1,0,0,0,1,0,0,0,0,Chicago
488,1920.0,315000.0,286.0,315000.0,1.0,1.0,1.0,,0,1,0,0,0,0,0,0,0,0,0,Chicago
489,1925.0,365000.0,177.0,365000.0,2.0,1.0,1.0,3123.0,0,0,0,0,1,0,1,0,0,0,0,Chicago
490,1998.0,349900.0,269.0,349900.0,2.0,2.0,2.0,,0,1,0,0,0,0,0,0,0,0,0,Chicago
491,1885.0,499900.0,454.0,499900.0,2.0,2.0,2.0,,0,1,0,0,0,0,0,0,0,0,0,Chicago
492,1958.0,139500.0,233.0,139500.0,0.0,1.0,1.0,,0,1,0,0,0,0,1,0,0,0,0,Chicago
493,,519000.0,273.0,519000.0,3.0,3.0,2.0,,1,1,0,0,0,0,0,0,0,0,0,Chicago
494,1972.0,130000.0,,130000.0,1.0,1.0,1.0,,0,1,0,0,0,0,1,0,0,0,0,Chicago
495,2009.0,299000.0,359.0,299000.0,1.0,1.0,1.0,,0,1,0,0,0,0,0,0,0,0,0,Chicago
496,2009.0,289900.0,,289900.0,1.0,1.0,1.0,,0,1,0,0,0,0,0,0,0,0,0,Chicago
497,1906.0,3000000.0,,3000000.0,4.0,5.0,2.0,,3,0,0,1,0,0,0,0,0,0,0,Chicago
498,1949.0,700000.0,368.0,700000.0,3.0,3.0,2.0,,1,1,0,0,0,0,0,0,0,0,0,Chicago
499,2002.0,277800.0,232.0,277800.0,2.0,2.0,2.0,,0,1,0,0,0,0,0,0,0,0,0,Chicago
500,1968.0,155000.0,295.0,155000.0,0.0,1.0,1.0,,0,1,0,0,0,0,1,0,0,0,0,Chicago
501,1903.0,375000.0,268.0,375000.0,2.0,2.0,2.0,,0,1,0,0,0,0,0,0,0,0,0,Chicago
502,1906.0,449000.0,187.0,449000.0,4.0,2.0,2.0,,0,1,0,0,0,0,0,0,1,0,0,Chicago
503,1960.0,285000.0,286.0,285000.0,3.0,2.0,1.0,1695.0,1,0,0,0,0,1,0,0,0,0,0,Chicago
504,1910.0,55000.0,46.0,55000.0,3.0,1.0,1.0,3101.0,0,0,0,0,1,0,1,0,0,0,0,Chicago
505,1945.0,229000.0,115.0,229000.0,5.0,3.0,3.0,3075.0,0,0,0,0,1,0,1,0,0,0,0,Chicago
506,1998.0,285000.0,293.0,285000.0,1.0,2.0,1.0,,1,1,0,0,0,0,0,0,0,0,0,Chicago
507,1911.0,284999.0,259.0,284999.0,2.0,2.0,2.0,,0,1,0,0,0,0,0,0,0,0,0,Chicago
508,1912.0,95000.0,,95000.0,5.0,2.0,2.0,,0,0,0,1,0,0,1,0,0,0,0,Chicago
509,2006.0,350000.0,175.0,350000.0,2.0,3.0,2.0,,1,0,0,0,0,1,0,0,0,0,0,Chicago
510,2013.0,649900.0,351.0,649900.0,3.0,2.0,2.0,,0,1,0,0,0,0,0,0,0,0,0,Chicago
511,2008.0,764900.0,467.0,764900.0,2.0,2.0,2.0,,0,1,0,0,0,0,0,0,0,0,0,Chicago
512,1911.0,299900.0,128.0,299900.0,4.0,2.0,2.0,4704.0,0,0,0,0,1,0,1,0,0,0,0,Chicago
513,2020.0,439900.0,169.0,439900.0,5.0,3.0,3.0,3049.0,0,0,0,0,1,0,0,0,0,0,0,Chicago
514,2016.0,1050000.0,240.0,1050000.0,5.0,4.0,3.0,,1,0,0,0,1,0,0,0,0,0,0,Chicago
515,2001.0,219000.0,219.0,219000.0,1.0,1.0,1.0,,0,1,0,0,0,0,0,0,0,0,0,Chicago
516,2007.0,595000.0,350.0,595000.0,3.0,2.0,2.0,,0,1,0,0,0,0,0,0,0,0,0,Chicago
517,1917.0,265000.0,140.0,265000.0,4.0,4.0,2.0,3720.0,2,0,0,0,1,0,0,0,0,0,0,Chicago
518,2015.0,925000.0,463.0,925000.0,3.0,3.0,3.0,,0,1,0,0,0,0,0,0,0,0,0,Chicago
519,1962.0,89900.0,,89900.0,1.0,1.0,1.0,,0,1,0,0,0,0,1,0,0,0,0,Chicago
520,2003.0,305000.0,235.0,305000.0,2.0,1.0,1.0,,0,1,0,0,0,0,0,0,0,0,0,Chicago
521,2002.0,485000.0,394.0,485000.0,2.0,2.0,,,0,1,0,0,0,0,0,0,0,0,0,Chicago
522,2008.0,319900.0,267.0,319900.0,2.0,2.0,2.0,,0,1,0,0,0,0,0,0,0,0,0,Chicago
523,2004.0,399900.0,267.0,399900.0,2.0,2.0,2.0,,0,1,0,0,0,0,0,0,0,0,0,Chicago
524,1921.0,415000.0,218.0,415000.0,5.0,3.0,2.0,5140.0,1,0,0,0,1,0,0,0,0,0,0,Chicago
525,2003.0,290000.0,223.0,290000.0,3.0,2.0,2.0,,0,1,0,0,0,0,0,0,0,0,0,Chicago
526,1961.0,310000.0,282.0,310000.0,3.0,2.0,2.0,3092.0,0,0,0,0,1,0,0,0,0,0,0,Chicago
527,1926.0,379000.0,217.0,379000.0,3.0,2.0,2.0,,0,1,0,0,0,0,1,0,0,0,0,Chicago
528,1909.0,275000.0,138.0,275000.0,3.0,3.0,2.0,3876.0,1,0,0,0,1,0,0,0,0,0,0,Chicago
529,1927.0,624500.0,297.0,624500.0,2.0,3.0,2.0,,1,1,0,0,0,0,0,0,0,0,0,Chicago
530,2001.0,547500.0,288.0,547500.0,3.0,3.0,2.0,,1,1,0,0,0,0,0,0,0,0,0,Chicago
531,1908.0,290000.0,,290000.0,5.0,2.0,2.0,,0,0,1,0,0,0,1,0,0,0,0,Chicago
532,2004.0,339000.0,313.0,339000.0,2.0,2.0,2.0,,0,1,0,0,0,0,0,0,0,0,0,Chicago
533,2007.0,540000.0,450.0,540000.0,2.0,2.0,2.0,,0,1,0,0,0,0,0,0,0,0,0,Chicago
534,1887.0,849900.0,262.0,849900.0,4.0,4.0,3.0,2905.0,1,0,0,0,1,0,0,0,0,0,0,Chicago
535,1921.0,274900.0,158.0,274900.0,6.0,2.0,1.0,3811.0,1,0,0,0,1,0,0,0,0,0,0,Chicago
536,1888.0,1395000.0,,1395000.0,6.0,4.0,2.0,,2,0,1,0,0,0,1,0,0,0,0,Chicago
537,2008.0,420000.0,405.0,420000.0,1.0,2.0,1.0,,1,1,0,0,0,0,0,0,0,0,0,Chicago
538,2009.0,369900.0,363.0,369900.0,2.0,2.0,2.0,,0,1,0,0,0,0,0,0,0,0,0,Chicago
539,2020.0,1650000.0,,1650000.0,7.0,7.0,6.0,,1,0,1,0,0,0,1,0,0,0,0,Chicago
540,2006.0,540000.0,364.0,540000.0,2.0,2.0,2.0,,0,1,0,0,0,0,0,0,0,0,0,Chicago
541,2007.0,305000.0,203.0,305000.0,2.0,2.0,2.0,,0,1,0,0,0,0,0,0,0,0,0,Chicago
542,2007.0,450000.0,293.0,450000.0,3.0,2.0,2.0,,0,1,0,0,0,0,0,0,0,0,0,Chicago
543,2001.0,690000.0,347.0,690000.0,3.0,3.0,3.0,1220.0,0,0,0,0,0,1,0,0,0,0,0,Chicago
544,2006.0,1450000.0,580.0,1450000.0,3.0,3.0,3.0,,0,1,0,0,0,0,0,0,0,0,0,Chicago
545,1941.0,765000.0,191.0,765000.0,5.0,4.0,3.0,4961.0,1,0,0,0,1,0,0,0,0,0,0,Chicago
546,1911.0,315000.0,,315000.0,12.0,3.0,3.0,,0,0,0,1,0,0,1,0,0,0,0,Chicago
547,1921.0,419900.0,382.0,419900.0,5.0,3.0,3.0,,0,0,0,1,0,0,0,0,0,0,0,Chicago
548,1969.0,319000.0,378.0,319000.0,1.0,1.0,1.0,,0,1,0,0,0,0,1,0,0,0,0,Chicago
549,1961.0,289500.0,248.0,289500.0,5.0,3.0,2.0,3528.0,1,0,0,0,1,0,0,0,0,0,0,Chicago
550,1952.0,50000.0,52.0,50000.0,2.0,2.0,1.0,3484.0,1,0,0,0,1,0,1,0,0,0,0,Chicago
551,1997.0,315000.0,364.0,315000.0,1.0,2.0,1.0,,1,1,0,0,0,0,0,0,0,0,0,Chicago
552,2003.0,475000.0,363.0,475000.0,2.0,2.0,2.0,,0,1,0,0,0,0,0,0,0,0,0,Chicago
553,1915.0,380000.0,279.0,380000.0,2.0,2.0,2.0,,0,1,0,0,0,0,0,0,0,0,0,Chicago
554,1996.0,229900.0,208.0,229900.0,2.0,2.0,1.0,238.0,1,0,0,0,0,1,0,0,0,0,0,Chicago
555,1920.0,250000.0,294.0,250000.0,1.0,1.0,1.0,,0,1,0,0,0,0,0,0,0,0,0,Chicago
556,1952.0,135800.0,,135800.0,4.0,2.0,2.0,3750.0,0,0,0,0,1,0,0,0,0,0,0,Chicago
557,1962.0,79900.0,160.0,79900.0,1.0,1.0,1.0,,0,1,0,0,0,0,1,0,0,0,0,Chicago
558,1977.0,190000.0,211.0,190000.0,2.0,2.0,2.0,,0,1,0,0,0,0,0,0,0,0,0,Chicago
559,1910.0,259900.0,196.0,259900.0,2.0,2.0,2.0,,0,1,0,0,0,0,0,0,0,0,1,Chicago
560,1946.0,379900.0,396.0,379900.0,3.0,3.0,1.0,4774.0,2,0,0,0,1,0,0,0,0,0,0,Chicago
561,1925.0,315000.0,205.0,315000.0,4.0,3.0,3.0,3720.0,0,0,0,0,1,0,0,0,0,0,0,Chicago
562,1959.0,419000.0,214.0,419000.0,3.0,2.0,2.0,4380.0,0,0,0,0,1,0,0,0,0,0,0,Chicago
563,1930.0,261500.0,156.0,261500.0,3.0,2.0,,,0,1,0,0,0,0,1,0,0,0,0,Chicago
564,2003.0,245000.0,245.0,245000.0,2.0,1.0,1.0,,0,1,0,0,0,0,0,0,0,0,0,Chicago
565,1920.0,490000.0,280.0,490000.0,3.0,2.0,2.0,,0,1,0,0,0,0,0,0,0,0,0,Chicago
566,1960.0,129900.0,173.0,129900.0,1.0,1.0,1.0,,0,1,0,0,0,0,0,1,0,0,0,Chicago
567,1999.0,490000.0,408.0,490000.0,2.0,2.0,2.0,,0,1,0,0,0,0,0,0,0,0,0,Chicago
568,2003.0,430000.0,334.0,430000.0,2.0,2.0,2.0,,0,1,0,0,0,0,0,0,0,0,0,Chicago
569,2012.0,299000.0,299.0,299000.0,2.0,2.0,2.0,,0,1,0,0,0,0,0,0,0,0,0,Chicago
570,1925.0,245000.0,,245000.0,2.0,1.0,1.0,,0,1,0,0,0,0,0,0,0,0,0,Chicago
571,1962.0,132500.0,146.0,132500.0,1.0,1.0,1.0,,0,1,0,0,0,0,0,0,0,0,1,Chicago
572,2008.0,579900.0,453.0,579900.0,2.0,2.0,2.0,,0,1,0,0,0,0,0,0,0,0,0,Chicago
573,1940.0,214900.0,269.0,214900.0,1.0,1.0,1.0,,0,1,0,0,0,0,0,0,0,0,0,Chicago
574,1969.0,109900.0,200.0,109900.0,0.0,1.0,1.0,,0,1,0,0,0,0,0,0,0,0,0,Chicago
575,2020.0,1600000.0,1600000.0,1600000.0,4.0,4.0,3.0,,1,0,0,0,1,0,0,0,0,0,0,Chicago
576,1960.0,389000.0,389.0,389000.0,4.0,2.0,2.0,3123.0,0,0,0,0,1,0,0,0,0,0,0,Chicago
577,1966.0,184000.0,153.0,184000.0,2.0,1.0,1.0,,0,1,0,0,0,0,1,0,0,0,0,Chicago
578,1957.0,145000.0,242.0,145000.0,0.0,1.0,1.0,,0,1,0,0,0,0,1,0,0,0,0,Chicago
579,1900.0,859000.0,344.0,859000.0,4.0,3.0,3.0,3123.0,0,0,0,0,1,0,0,0,0,0,0,Chicago
580,2007.0,359000.0,326.0,359000.0,2.0,2.0,2.0,,0,1,0,0,0,0,0,0,0,0,0,Chicago
581,2006.0,399000.0,235.0,399000.0,3.0,2.0,2.0,,0,1,0,0,0,0,0,0,0,0,0,Chicago
582,2006.0,649900.0,271.0,649900.0,3.0,3.0,2.0,,1,1,0,0,0,0,0,0,0,0,0,Chicago
583,2005.0,275000.0,344.0,275000.0,1.0,1.0,1.0,,0,1,0,0,0,0,0,0,0,0,0,Chicago
584,2000.0,274900.0,,274900.0,1.0,1.0,1.0,,0,1,0,0,0,0,0,0,0,0,0,Chicago
585,,899000.0,,899000.0,3.0,2.0,2.0,,0,1,0,0,0,0,0,0,0,0,0,Chicago
586,1998.0,525000.0,239.0,525000.0,4.0,2.0,2.0,86.0,0,0,0,0,0,1,0,0,0,0,0,Chicago
587,2006.0,185000.0,179.0,185000.0,1.0,1.0,1.0,,0,1,0,0,0,0,0,0,0,0,0,Chicago
588,1908.0,40000.0,,40000.0,4.0,2.0,2.0,,0,0,1,0,0,0,1,0,0,0,0,Chicago
589,1914.0,415000.0,231.0,415000.0,3.0,2.0,2.0,,0,1,0,0,0,0,0,0,0,0,0,Chicago
590,1961.0,139900.0,147.0,139900.0,1.0,1.0,1.0,,0,1,0,0,0,0,0,0,0,0,1,Chicago
591,1900.0,89900.0,,89900.0,4.0,2.0,2.0,,0,0,1,0,0,0,1,0,0,0,0,Chicago
592,1885.0,359000.0,80.0,359000.0,6.0,5.0,5.0,2700.0,0,0,0,0,1,0,1,0,0,0,0,Chicago
593,1913.0,270000.0,245.0,270000.0,3.0,2.0,2.0,,0,1,0,0,0,0,0,0,0,0,0,Chicago
594,1927.0,385000.0,297.0,385000.0,4.0,3.0,3.0,3702.0,0,0,0,0,1,0,1,0,0,0,0,Chicago
595,1951.0,65900.0,61.0,65900.0,2.0,1.0,1.0,4305.0,0,0,0,0,1,0,1,0,0,0,0,Chicago
596,1970.0,108000.0,108.0,108000.0,2.0,1.0,1.0,,0,1,0,0,0,0,1,0,0,0,0,Chicago
597,1927.0,410000.0,,410000.0,5.0,3.0,3.0,,0,0,1,0,0,0,1,0,0,0,0,Chicago
598,1918.0,324500.0,240.0,324500.0,4.0,1.0,1.0,4125.0,0,0,0,0,1,0,1,0,0,0,0,Chicago
599,2005.0,548000.0,171.0,548000.0,4.0,4.0,3.0,4743.0,1,0,0,0,1,0,0,0,0,0,0,Chicago
600,2018.0,650000.0,,650000.0,3.0,3.0,2.0,,1,1,0,0,0,0,0,0,0,0,0,Chicago
601,1957.0,279999.0,131.0,279999.0,4.0,2.0,2.0,4125.0,0,0,0,0,1,0,1,0,0,0,0,Chicago
602,1968.0,69900.0,76.0,69900.0,3.0,1.0,1.0,3123.0,0,0,0,0,1,0,0,0,0,0,0,Chicago
603,1947.0,224900.0,150.0,224900.0,4.0,2.0,2.0,3781.0,0,0,0,0,1,0,0,0,0,0,0,Chicago
604,2012.0,1200000.0,207.0,1200000.0,6.0,5.0,4.0,7200.0,1,0,0,0,1,0,0,0,0,0,0,Chicago
605,1913.0,149000.0,60.0,149000.0,7.0,3.0,3.0,,0,0,1,0,0,0,1,0,0,0,0,Chicago
606,1925.0,274900.0,155.0,274900.0,3.0,2.0,2.0,6650.0,0,0,0,0,1,0,0,0,0,0,0,Chicago
607,,295955.0,296.0,295955.0,1.0,1.0,,,0,1,0,0,0,0,0,1,0,0,0,Chicago
608,1951.0,239900.0,131.0,239900.0,3.0,3.0,2.0,3746.0,1,0,0,0,1,0,0,0,0,0,0,Chicago
609,1971.0,165000.0,194.0,165000.0,1.0,1.0,1.0,,0,1,0,0,0,0,0,0,0,0,0,Chicago
610,1921.0,359900.0,173.0,359900.0,4.0,2.0,2.0,6599.0,0,0,0,0,1,0,0,0,0,0,0,Chicago
611,1945.0,509000.0,318.0,509000.0,2.0,2.0,2.0,,0,1,0,0,0,0,0,0,0,0,0,Chicago
612,2020.0,499900.0,151.0,499900.0,4.0,3.0,3.0,,0,1,0,0,0,0,0,0,0,0,0,Chicago
613,2020.0,399900.0,216.0,399900.0,3.0,2.0,2.0,,0,1,0,0,0,0,0,0,0,0,0,Chicago
614,2020.0,525000.0,,525000.0,2.0,2.0,2.0,,0,1,0,0,0,0,0,0,0,0,0,Chicago
615,1950.0,225000.0,,225000.0,2.0,2.0,2.0,,0,1,0,0,0,0,1,0,0,0,0,Chicago
616,1893.0,209000.0,261.0,209000.0,1.0,1.0,1.0,,0,1,0,0,0,0,0,0,0,0,1,Chicago
617,2020.0,419900.0,227.0,419900.0,3.0,2.0,2.0,,0,1,0,0,0,0,0,0,0,0,0,Chicago
618,1944.0,299900.0,300.0,299900.0,2.0,2.0,2.0,4530.0,0,0,0,0,1,0,0,0,0,0,0,Chicago
619,1966.0,134900.0,163.0,134900.0,1.0,1.0,1.0,,0,1,0,0,0,0,1,0,0,0,0,Chicago
620,1963.0,399900.0,242.0,399900.0,2.0,2.0,2.0,,0,1,0,0,0,0,0,0,0,0,0,Chicago
621,1956.0,264900.0,212.0,264900.0,4.0,2.0,2.0,4373.0,0,0,0,0,1,0,0,0,0,0,0,Chicago
622,1900.0,99000.0,141.0,99000.0,3.0,1.0,1.0,4011.0,0,0,0,0,1,0,1,0,0,0,0,Chicago
623,1990.0,424000.0,361.0,424000.0,2.0,2.0,2.0,,0,1,0,0,0,0,0,0,0,0,0,Chicago
624,1921.0,264000.0,,264000.0,4.0,2.0,2.0,,0,0,0,1,0,0,1,0,0,0,0,Chicago
625,1997.0,349900.0,188.0,349900.0,3.0,3.0,3.0,435.0,0,0,0,0,0,1,0,0,0,0,0,Chicago
626,1970.0,175000.0,167.0,175000.0,2.0,1.0,1.0,,0,1,0,0,0,0,1,0,0,0,0,Chicago
627,2012.0,499000.0,312.0,499000.0,2.0,2.0,2.0,,0,1,0,0,0,0,0,0,0,0,0,Chicago
628,,839900.0,227.0,839900.0,4.0,4.0,3.0,,1,0,0,0,1,0,0,0,0,0,0,Chicago
629,1970.0,304700.0,348.0,304700.0,1.0,1.0,1.0,,0,1,0,0,0,0,0,0,0,0,0,Chicago
630,2020.0,429900.0,232.0,429900.0,3.0,2.0,2.0,,0,1,0,0,0,0,0,0,0,0,0,Chicago
631,1923.0,285000.0,255.0,285000.0,4.0,3.0,2.0,4830.0,1,0,0,0,1,0,0,0,0,0,0,Chicago
632,1969.0,459000.0,357.0,459000.0,1.0,2.0,2.0,,0,1,0,0,0,0,0,0,0,0,1,Chicago
633,,249500.0,227.0,249500.0,10.0,4.0,4.0,,0,0,1,0,0,0,1,0,0,0,0,Chicago
634,1962.0,49900.0,67.0,49900.0,1.0,1.0,1.0,,0,1,0,0,0,0,1,0,0,0,0,Chicago
635,1996.0,810000.0,463.0,810000.0,3.0,3.0,,,0,1,0,0,0,0,0,0,0,0,0,Chicago
636,1925.0,259900.0,,259900.0,8.0,3.0,3.0,,0,0,1,0,0,0,1,0,0,0,0,Chicago
637,,339000.0,,339000.0,0.0,,,,0,0,0,0,0,0,1,0,0,0,0,Chicago
638,1991.0,335000.0,419.0,335000.0,1.0,1.0,1.0,,0,1,0,0,0,0,0,0,0,0,0,Chicago
639,,1950000.0,464.0,1950000.0,6.0,6.0,4.0,3101.0,2,0,0,0,1,0,0,0,0,0,0,Chicago
640,2001.0,559900.0,393.0,559900.0,4.0,3.0,2.0,3859.0,1,0,0,0,1,0,0,0,0,0,0,Chicago
641,2003.0,400000.0,308.0,400000.0,2.0,2.0,2.0,,0,1,0,0,0,0,0,0,0,0,0,Chicago
642,1930.0,189000.0,158.0,189000.0,2.0,1.0,1.0,,0,1,0,0,0,0,1,0,0,0,0,Chicago
643,1923.0,380000.0,,380000.0,6.0,4.0,2.0,,2,0,1,0,0,0,0,0,0,0,0,Chicago
644,2006.0,699000.0,227.0,699000.0,4.0,4.0,3.0,3092.0,1,0,0,0,1,0,0,0,0,0,0,Chicago
645,2009.0,540000.0,450.0,540000.0,2.0,2.0,2.0,,0,1,0,0,0,0,0,0,0,0,0,Chicago
646,1916.0,369000.0,335.0,369000.0,1.0,1.0,1.0,,0,1,0,0,0,0,0,0,0,0,0,Chicago
647,2008.0,549000.0,459.0,549000.0,2.0,2.0,2.0,,0,1,0,0,0,0,0,0,0,0,0,Chicago
648,1956.0,289900.0,275.0,289900.0,5.0,2.0,2.0,3781.0,0,0,0,0,1,0,0,0,0,0,0,Chicago
649,,750000.0,,750000.0,3.0,4.0,2.0,,2,0,0,0,0,1,0,0,0,0,0,Chicago
650,1995.0,349000.0,255.0,349000.0,1.0,2.0,2.0,,0,0,0,0,0,1,0,0,0,0,0,Chicago
651,2002.0,450000.0,333.0,450000.0,2.0,2.0,2.0,,0,1,0,0,0,0,0,0,0,0,0,Chicago
652,2001.0,659900.0,388.0,659900.0,3.0,2.0,2.0,,0,1,0,0,0,0,0,0,0,0,0,Chicago
653,1993.0,399000.0,171.0,399000.0,4.0,2.0,2.0,6155.0,0,0,0,0,1,0,0,0,0,0,0,Chicago
654,1890.0,199000.0,95.0,199000.0,5.0,2.0,2.0,,0,0,1,0,0,0,1,0,0,0,0,Chicago
655,1991.0,295000.0,,295000.0,1.0,1.0,1.0,,0,1,0,0,0,0,0,0,0,0,0,Chicago
656,2007.0,799000.0,591.0,799000.0,1.0,2.0,1.0,,1,1,0,0,0,0,0,0,0,0,0,Chicago
657,1994.0,525000.0,328.0,525000.0,3.0,2.0,2.0,1350.0,0,0,0,0,0,1,0,0,0,0,0,Chicago
658,1890.0,184900.0,308.0,184900.0,2.0,1.0,1.0,3001.0,0,0,0,0,1,0,1,0,0,0,0,Chicago
659,2018.0,2295000.0,,2295000.0,5.0,5.0,4.0,,1,0,0,0,1,0,0,0,0,0,0,Chicago
660,1907.0,225000.0,308.0,225000.0,1.0,1.0,1.0,,0,1,0,0,0,0,0,0,0,0,0,Chicago
661,1924.0,149900.0,125.0,149900.0,3.0,1.0,1.0,4225.0,0,0,0,0,1,0,1,0,0,0,0,Chicago
662,1962.0,199000.0,379.0,199000.0,0.0,1.0,1.0,,0,1,0,0,0,0,0,0,0,0,0,Chicago
663,1923.0,357000.0,238.0,357000.0,3.0,2.0,2.0,,0,1,0,0,0,0,0,0,0,0,0,Chicago
664,1923.0,357000.0,238.0,357000.0,3.0,2.0,2.0,,0,1,0,0,0,0,0,0,0,0,0,Chicago
665,1927.0,244500.0,56.0,244500.0,4.0,2.0,2.0,4373.0,0,0,0,0,1,0,1,0,0,0,0,Chicago
666,1919.0,1190000.0,,1190000.0,7.0,8.0,7.0,,1,0,1,0,0,0,0,0,0,0,0,Chicago
667,1971.0,184900.0,154.0,184900.0,2.0,1.0,1.0,,0,1,0,0,0,0,1,0,0,0,0,Chicago
668,1930.0,335000.0,394.0,335000.0,1.0,1.0,1.0,,0,1,0,0,0,0,1,0,0,0,0,Chicago
669,1922.0,225000.0,191.0,225000.0,4.0,2.0,2.0,3759.0,0,0,0,0,1,0,1,0,0,0,0,Chicago
670,2011.0,1388000.0,330.0,1388000.0,5.0,4.0,3.0,3136.0,1,0,0,0,1,0,0,0,0,0,0,Chicago
671,1974.0,239000.0,299.0,239000.0,1.0,1.0,1.0,,0,1,0,0,0,0,1,0,0,0,0,Chicago
672,2016.0,719900.0,,719900.0,3.0,3.0,2.0,,1,1,0,0,0,0,0,0,0,0,0,Chicago
673,2010.0,1400000.0,467.0,1400000.0,4.0,5.0,4.0,3075.0,1,0,0,0,1,0,0,0,0,0,0,Chicago
674,,549000.0,,549000.0,2.0,3.0,2.0,,1,0,1,0,0,0,0,0,0,0,0,Chicago
675,2014.0,1375000.0,351.0,1375000.0,5.0,5.0,4.0,3720.0,1,0,0,0,1,0,0,0,0,0,0,Chicago
676,2004.0,389900.0,312.0,389900.0,2.0,2.0,2.0,,0,1,0,0,0,0,0,0,0,0,0,Chicago
677,1957.0,135000.0,239.0,135000.0,0.0,1.0,1.0,,0,1,0,0,0,0,0,0,0,0,1,Chicago
678,2001.0,295000.0,397.0,295000.0,1.0,1.0,1.0,,0,1,0,0,0,0,0,0,0,0,0,Chicago
679,2005.0,625000.0,312.0,625000.0,3.0,3.0,2.0,,1,1,0,0,0,0,0,0,0,0,0,Chicago
680,2018.0,785000.0,561.0,785000.0,2.0,2.0,2.0,,0,1,0,0,0,0,0,0,0,0,0,Chicago
681,1970.0,175000.0,184.0,175000.0,2.0,2.0,1.0,,1,1,0,0,0,0,0,1,0,0,0,Chicago
682,2018.0,209900.0,233.0,209900.0,2.0,1.0,1.0,,0,1,0,0,0,0,0,0,0,0,1,Chicago
683,1900.0,899900.0,,899900.0,3.0,4.0,3.0,,1,0,0,0,1,0,0,0,0,0,0,Chicago
684,1969.0,230000.0,250.0,230000.0,1.0,1.0,1.0,,0,1,0,0,0,0,0,0,0,0,0,Chicago
685,1925.0,149000.0,125.0,149000.0,2.0,1.0,1.0,,0,1,0,0,0,0,0,0,0,0,0,Chicago
686,1923.0,215000.0,195.0,215000.0,2.0,1.0,1.0,,0,1,0,0,0,0,0,0,0,0,0,Chicago
687,2002.0,400000.0,333.0,400000.0,2.0,2.0,2.0,,0,1,0,0,0,0,0,0,0,0,0,Chicago
688,1974.0,279900.0,280.0,279900.0,2.0,1.0,1.0,,0,1,0,0,0,0,0,1,0,0,0,Chicago
689,2016.0,241700.0,242.0,241700.0,2.0,1.0,1.0,,0,1,0,0,0,0,0,0,0,0,0,Chicago
690,2009.0,379900.0,380.0,379900.0,1.0,1.0,1.0,,0,1,0,0,0,0,0,0,0,0,0,Chicago
691,1979.0,275000.0,229.0,275000.0,2.0,2.0,1.0,,1,1,0,0,0,0,1,0,0,0,0,Chicago
692,,339000.0,295.0,339000.0,2.0,2.0,2.0,,0,1,0,0,0,0,0,0,0,0,0,Chicago
693,1913.0,389000.0,259.0,389000.0,2.0,2.0,2.0,,0,1,0,0,0,0,0,0,0,0,0,Chicago
694,1920.0,170000.0,170.0,170000.0,2.0,1.0,1.0,,0,1,0,0,0,0,0,0,0,0,0,Chicago
695,,146000.0,146.0,146000.0,1.0,1.0,1.0,,0,1,0,0,0,0,1,0,0,0,0,Chicago
696,2004.0,549000.0,305.0,549000.0,2.0,3.0,2.0,,1,1,0,0,0,0,0,0,0,0,0,Chicago
697,1884.0,950000.0,368.0,950000.0,3.0,3.0,3.0,1350.0,0,0,0,0,1,0,0,0,0,0,0,Chicago
698,2004.0,349000.0,388.0,349000.0,1.0,1.0,1.0,,0,1,0,0,0,0,0,0,0,0,0,Chicago
699,1880.0,89900.0,,89900.0,5.0,3.0,3.0,,0,0,1,0,0,0,1,0,0,0,0,Chicago
700,1943.0,135000.0,115.0,135000.0,3.0,2.0,1.0,4356.0,1,0,0,0,1,0,1,0,0,0,0,Chicago
701,1927.0,165000.0,183.0,165000.0,2.0,1.0,1.0,,0,1,0,0,0,0,0,0,0,0,0,Chicago
702,1913.0,30000.0,15.0,30000.0,5.0,2.0,2.0,4573.0,0,0,0,0,1,0,0,0,0,0,0,Chicago
703,1941.0,155000.0,135.0,155000.0,3.0,2.0,1.0,4234.0,1,0,0,0,1,0,0,0,0,0,0,Chicago
704,1967.0,119900.0,126.0,119900.0,2.0,1.0,1.0,,0,1,0,0,0,0,1,0,0,0,0,Chicago
705,2005.0,247900.0,305.0,247900.0,1.0,1.0,1.0,,0,1,0,0,0,0,0,0,0,0,0,Chicago
706,2008.0,315000.0,380.0,315000.0,1.0,1.0,1.0,,0,1,0,0,0,0,0,0,0,0,0,Chicago
707,1928.0,799000.0,203.0,799000.0,4.0,5.0,3.0,10049.0,2,0,0,0,1,0,0,0,0,0,0,Chicago
708,1948.0,1085000.0,205.0,1085000.0,4.0,5.0,4.0,9147.0,1,0,0,0,1,0,0,0,0,1,0,Chicago
709,1921.0,194900.0,77.0,194900.0,4.0,2.0,2.0,4656.0,0,0,0,0,1,0,0,0,0,0,0,Chicago
710,2016.0,520000.0,333.0,520000.0,2.0,2.0,2.0,,0,1,0,0,0,0,0,0,0,0,0,Chicago
711,,489000.0,188.0,489000.0,3.0,3.0,3.0,,0,1,0,0,0,0,0,0,0,0,0,Chicago
712,,495000.0,403.0,495000.0,2.0,2.0,2.0,,0,1,0,0,0,0,0,0,0,0,0,Chicago
713,1923.0,130000.0,94.0,130000.0,4.0,2.0,2.0,4521.0,0,0,0,0,1,0,1,0,0,0,0,Chicago
714,1950.0,299900.0,273.0,299900.0,2.0,2.0,2.0,,0,1,0,0,0,0,0,0,0,0,0,Chicago
715,1964.0,470000.0,470.0,470000.0,1.0,1.0,1.0,,0,1,0,0,0,0,0,0,0,0,0,Chicago
716,1988.0,585000.0,,585000.0,3.0,3.0,3.0,102.0,0,0,0,0,0,1,0,0,0,0,0,Chicago
717,2006.0,1390000.0,174.0,1390000.0,4.0,6.0,3.0,2803.0,3,0,0,0,0,1,0,0,0,0,0,Chicago
718,1958.0,129000.0,158.0,129000.0,1.0,1.0,1.0,,0,1,0,0,0,0,1,0,0,0,0,Chicago
719,1965.0,255000.0,196.0,255000.0,4.0,2.0,1.0,2131.0,1,0,0,0,0,1,0,0,0,0,0,Chicago
720,2015.0,349500.0,,349500.0,2.0,2.0,2.0,,0,1,0,0,0,0,0,0,0,0,0,Chicago
721,1925.0,449500.0,257.0,449500.0,2.0,2.0,2.0,,0,1,0,0,0,0,0,0,0,0,0,Chicago
722,2008.0,469500.0,361.0,469500.0,2.0,2.0,2.0,,0,1,0,0,0,0,0,0,0,0,0,Chicago
723,1950.0,175000.0,175.0,175000.0,3.0,2.0,1.0,3100.0,1,0,0,0,1,0,1,0,0,0,0,Chicago
724,1925.0,215000.0,134.0,215000.0,3.0,2.0,1.0,3754.0,1,0,0,0,1,0,1,0,0,0,0,Chicago
725,2007.0,229900.0,144.0,229900.0,3.0,2.0,2.0,,0,1,0,0,0,0,0,0,0,0,0,Chicago
726,1942.0,185000.0,193.0,185000.0,3.0,2.0,2.0,5039.0,0,0,0,0,1,0,1,0,0,0,0,Chicago
727,1951.0,225000.0,161.0,225000.0,5.0,3.0,3.0,3789.0,0,0,0,0,1,0,0,0,0,0,0,Chicago
728,1890.0,150000.0,100.0,150000.0,3.0,3.0,2.0,3746.0,1,0,0,0,1,0,0,0,0,0,0,Chicago
729,2020.0,480000.0,724.0,480000.0,1.0,1.0,1.0,,0,1,0,0,0,0,1,0,0,0,0,Chicago
730,2005.0,365000.0,293.0,365000.0,2.0,2.0,2.0,,0,1,0,0,0,0,0,0,0,0,0,Chicago
731,1903.0,234900.0,131.0,234900.0,3.0,3.0,2.0,,1,1,0,0,0,0,0,0,0,0,0,Chicago
732,2007.0,229900.0,144.0,229900.0,3.0,2.0,2.0,,0,1,0,0,0,0,0,0,0,0,0,Chicago
733,1951.0,249000.0,254.0,249000.0,2.0,1.0,1.0,4007.0,0,0,0,0,1,0,0,0,0,0,0,Chicago
734,2004.0,476900.0,298.0,476900.0,2.0,2.0,2.0,,0,1,0,0,0,0,0,0,0,0,0,Chicago
735,2020.0,825900.0,382.0,825900.0,3.0,3.0,3.0,,0,1,0,0,0,0,0,0,0,0,0,Chicago
736,2004.0,450000.0,281.0,450000.0,2.0,3.0,2.0,,1,1,0,0,0,0,0,0,0,0,0,Chicago
737,1974.0,22500.0,44.0,22500.0,0.0,1.0,1.0,,0,1,0,0,0,0,0,0,0,0,1,Chicago
738,1919.0,339000.0,261.0,339000.0,5.0,2.0,2.0,3968.0,0,0,0,0,1,0,0,0,0,0,0,Chicago
739,1918.0,205000.0,,205000.0,6.0,2.0,2.0,,0,0,1,0,0,0,1,0,0,0,0,Chicago
740,1949.0,349000.0,198.0,349000.0,4.0,2.0,2.0,3868.0,0,0,0,0,1,0,0,0,0,0,0,Chicago
741,1919.0,375000.0,308.0,375000.0,2.0,2.0,2.0,,0,1,0,0,0,0,0,0,0,0,0,Chicago
742,1880.0,674900.0,456.0,674900.0,4.0,4.0,3.0,,1,0,0,1,0,0,0,0,0,0,0,Chicago
743,2002.0,1275000.0,297.0,1275000.0,5.0,4.0,3.0,,1,0,0,0,1,0,0,0,0,0,0,Chicago
744,1945.0,380000.0,211.0,380000.0,4.0,2.0,2.0,4125.0,0,0,0,0,1,0,0,0,0,0,0,Chicago
745,1964.0,199999.0,245.0,199999.0,2.0,1.0,1.0,,0,0,0,0,0,1,0,0,0,0,0,Chicago
746,1925.0,259000.0,199.0,259000.0,3.0,1.0,1.0,,0,1,0,0,0,0,1,0,0,0,0,Chicago
747,1951.0,83081.0,,83081.0,5.0,2.0,,3920.0,0,0,0,0,1,0,1,0,0,0,0,Chicago
748,1956.0,155758.0,,155758.0,4.0,0.0,,3920.0,0,0,0,0,1,0,1,0,0,0,0,Chicago
749,2003.0,350000.0,350.0,350000.0,2.0,2.0,2.0,,0,1,0,0,0,0,0,0,0,0,0,Chicago
750,1959.0,84900.0,82.0,84900.0,3.0,1.0,1.0,3123.0,0,0,0,0,1,0,1,0,0,0,0,Chicago
751,1920.0,399500.0,216.0,399500.0,3.0,2.0,1.0,3750.0,1,0,0,0,1,0,0,0,0,0,0,Chicago
752,1912.0,125000.0,35.0,125000.0,4.0,1.0,1.0,3571.0,0,0,0,0,1,0,1,0,0,0,0,Chicago
753,2008.0,500000.0,542.0,500000.0,1.0,2.0,1.0,,1,1,0,0,0,0,0,0,0,0,0,Chicago
754,2020.0,1699000.0,,1699000.0,9.0,6.0,6.0,,0,0,1,0,0,0,0,0,0,0,0,Chicago
755,1996.0,1850000.0,495.0,1850000.0,4.0,5.0,4.0,,1,1,0,0,0,0,0,0,0,0,0,Chicago
756,2000.0,375000.0,300.0,375000.0,2.0,2.0,2.0,,0,1,0,0,0,0,0,0,0,0,0,Chicago
757,1960.0,115000.0,164.0,115000.0,1.0,1.0,1.0,,0,1,0,0,0,0,1,0,0,0,0,Chicago
758,1971.0,155000.0,291.0,155000.0,0.0,1.0,1.0,,0,1,0,0,0,0,0,0,0,0,0,Chicago
759,,498000.0,263.0,498000.0,3.0,2.0,2.0,,0,1,0,0,0,0,1,0,0,0,0,Chicago
760,1968.0,199000.0,,199000.0,1.0,1.0,1.0,,0,1,0,0,0,0,0,0,0,0,0,Chicago
761,2016.0,649000.0,966.0,649000.0,5.0,3.0,3.0,,0,0,0,1,0,0,0,0,0,0,0,Chicago
762,2007.0,379900.0,267.0,379900.0,2.0,2.0,2.0,,0,1,0,0,0,0,0,0,0,0,0,Chicago
763,1959.0,349900.0,292.0,349900.0,3.0,2.0,2.0,4250.0,0,0,0,0,1,0,0,0,0,0,0,Chicago
764,1955.0,289900.0,205.0,289900.0,3.0,2.0,2.0,4753.0,0,0,0,0,1,0,0,0,0,0,0,Chicago
765,1921.0,244500.0,,244500.0,2.0,1.0,1.0,,0,1,0,0,0,0,1,0,0,0,0,Chicago
766,1964.0,549900.0,,549900.0,3.0,2.0,2.0,,0,1,0,0,0,0,0,0,0,0,0,Chicago
767,1969.0,225000.0,250.0,225000.0,1.0,1.0,1.0,,0,1,0,0,0,0,0,0,0,0,0,Chicago
768,1925.0,139900.0,200.0,139900.0,1.0,1.0,1.0,,0,1,0,0,0,0,0,0,0,0,0,Chicago
769,1928.0,559000.0,206.0,559000.0,4.0,3.0,3.0,3750.0,0,0,0,0,1,0,0,0,0,0,0,Chicago
770,1905.0,331111.0,221.0,331111.0,3.0,2.0,1.0,9748.0,1,0,0,0,1,0,0,0,0,0,0,Chicago
771,1941.0,199900.0,160.0,199900.0,3.0,3.0,2.0,4874.0,1,0,0,0,1,0,0,0,0,0,0,Chicago
772,1927.0,529000.0,153.0,529000.0,5.0,3.0,3.0,4092.0,0,0,0,0,1,0,0,0,0,0,0,Chicago
773,1953.0,140000.0,140.0,140000.0,2.0,1.0,1.0,,0,1,0,0,0,0,1,0,0,0,0,Chicago
774,1952.0,460000.0,170.0,460000.0,3.0,4.0,3.0,3750.0,1,0,0,0,1,0,0,0,0,0,0,Chicago
775,2012.0,615000.0,,615000.0,3.0,2.0,2.0,,0,1,0,0,0,0,0,0,0,0,0,Chicago
776,2014.0,1650000.0,375.0,1650000.0,6.0,5.0,3.0,3123.0,2,0,0,0,1,0,0,0,0,0,0,Chicago
777,1910.0,139999.0,200.0,139999.0,1.0,1.0,1.0,,0,1,0,0,0,0,0,0,0,0,0,Chicago
778,2006.0,430000.0,159.0,430000.0,4.0,4.0,3.0,,1,1,0,0,0,0,0,0,0,0,0,Chicago
779,1986.0,839900.0,191.0,839900.0,5.0,4.0,3.0,5357.0,1,0,0,0,1,0,0,0,0,0,0,Chicago
780,1891.0,325000.0,,325000.0,2.0,2.0,2.0,,0,1,0,0,0,0,0,0,0,0,0,Chicago
